INSERT INTO scorecards (id, home_team_id, visitor_team_id, date, league_id) VALUES (441720, 69822, 69823, '2016-03-29', 1822), (441998, 69823, 69923, '2016-04-04', 1822), (443096, 69921, 69823, '2016-04-20', 1822), (443923, 69823, 69551, '2016-04-25', 1822), (444201, 69823, 69822, '2016-05-02', 1822), (445028, 69923, 69823, '2016-05-10', 1822), (446127, 69823, 69921, '2016-05-23', 1822), (446399, 69551, 69823, '2016-06-03', 1822), (446999, 69822, 69823, '2016-06-06', 1822), (447097, 69823, 69923, '2016-06-20', 1822), (441722, 70133, 68959, '2016-03-31', 1822), (442000, 68959, 68892, '2016-05-11', 1822), (442819, 69778, 68959, '2016-04-15', 1822), (443102, 68959, 69287, '2016-04-18', 1822), (443924, 70132, 68959, '2016-04-26', 1822), (444204, 68959, 69604, '2016-05-03', 1822), (445306, 68959, 70133, '2016-06-13', 1822), (446122, 68892, 68959, '2016-05-26', 1822), (446998, 69287, 68959, '2016-06-08', 1822), (447099, 68959, 70132, '2016-06-14', 1822), (441717, 69551, 69921, '2016-03-31', 1822), (441996, 69921, 69822, '2016-04-06', 1822), (442822, 69923, 69921, '2016-04-14', 1822), (444197, 69921, 69551, '2016-05-05', 1822), (445021, 69822, 69921, '2016-05-09', 1822), (445299, 69921, 69923, '2016-05-18', 1822), (447002, 69921, 69551, '2016-06-09', 1822), (447202, 69923, 69921, '2016-06-14', 1822), (441719, 69778, 70132, '2016-05-19', 1822), (441994, 70132, 69287, '2016-05-31', 1822), (443100, 69604, 70132, '2016-04-21', 1822), (444199, 70133, 70132, '2016-06-15', 1822), (445027, 70132, 68892, '2016-05-10', 1822), (445301, 70132, 69778, '2016-05-17', 1822), (446123, 69287, 70132, '2016-05-25', 1822), (447001, 70132, 69604, '2016-06-07', 1822), (453094, 70132, 69287, '2016-06-21', 1822), (453511, 70132, 68892, '2016-06-29', 1822), (442814, 68892, 70133, '2016-04-14', 1822), (443099, 70133, 69778, '2016-05-27', 1822), (443919, 69287, 70133, '2016-05-18', 1822), (445025, 69604, 70133, '2016-05-13', 1822), (446397, 70133, 68892, '2016-06-16', 1822), (447000, 69778, 70133, '2016-06-07', 1822), (447096, 70133, 69287, '2016-06-17', 1822), (441713, 68884, 70202, '2016-05-10', 1822), (441992, 70202, 68884, '2016-04-05', 1822), (442815, 68884, 70202, '2016-04-12', 1822), (443093, 70202, 68884, '2016-04-19', 1822), (443918, 68884, 70202, '2016-04-26', 1822), (444196, 70202, 68884, '2016-05-03', 1822), (443101, 69551, 69923, '2016-04-21', 1822), (443926, 69923, 69822, '2016-04-26', 1822), (446129, 69923, 69551, '2016-05-24', 1822), (446398, 69822, 69923, '2016-05-31', 1822), (441716, 69462, 70150, '2016-04-03', 1822), (441993, 70150, 69136, '2016-04-06', 1822), (442821, 70110, 70150, '2016-04-13', 1822), (443098, 70150, 69462, '2016-04-20', 1822), (443917, 69136, 70150, '2016-04-26', 1822), (444200, 70150, 70110, '2016-05-04', 1822), (445023, 69462, 70150, '2016-05-11', 1822), (445305, 69136, 70150, '2016-05-17', 1822), (446128, 70150, 70110, '2016-05-24', 1822), (447223, 70150, 69462, '2016-06-01', 1822), (442818, 69822, 69551, '2016-04-11', 1822), (445304, 69551, 69822, '2016-05-19', 1822), (447201, 69551, 69822, '2016-06-17', 1822), (453090, 69822, 69551, '2016-06-29', 1822), (442817, 69287, 69604, '2016-04-12', 1822), (444202, 68892, 69287, '2016-05-05', 1822), (445024, 69287, 69778, '2016-05-11', 1822), (446400, 69604, 69287, '2016-06-03', 1822), (441714, 68892, 69604, '2016-03-31', 1822), (441999, 69604, 69778, '2016-04-06', 1822), (445303, 69604, 68892, '2016-05-20', 1822), (446126, 69778, 69604, '2016-05-26', 1822), (453095, 68892, 69604, '2016-06-22', 1822), (441715, 69136, 70110, '2016-03-29', 1822), (441997, 70110, 69462, '2016-04-06', 1822), (443097, 70110, 69136, '2016-04-20', 1822), (443920, 69462, 70110, '2016-04-27', 1822), (445019, 69136, 70110, '2016-05-10', 1822), (445298, 70110, 69462, '2016-05-18', 1822), (447222, 70110, 69136, '2016-06-01', 1822), (443922, 69778, 68892, '2016-04-28', 1822), (447098, 68892, 69778, '2016-06-16', 1822), (441995, 69872, 69645, '2016-05-02', 1822), (442820, 69645, 70125, '2016-04-11', 1822), (443921, 69645, 69872, '2016-05-12', 1822), (444198, 70125, 69645, '2016-05-03', 1822), (445300, 69872, 69645, '2016-05-17', 1822), (446125, 69645, 70125, '2016-05-20', 1822), (447308, 69645, 69872, '2016-06-03', 1822), (447309, 70125, 69645, '2016-05-24', 1822), (453092, 70125, 69645, '2016-06-22', 1822), (442816, 69462, 69136, '2016-04-15', 1822), (444203, 69136, 69462, '2016-05-03', 1822), (447221, 69462, 69136, '2016-05-25', 1822), (453091, 69136, 69462, '2016-06-21', 1822), (441721, 70125, 69872, '2016-04-26', 1822), (443095, 69872, 70125, '2016-04-18', 1822), (445026, 70125, 69872, '2016-05-10', 1822), (446395, 69872, 70125, '2016-06-02', 1822);
INSERT INTO matches (id, scorecard_id, match_type, line, h_1_player_id, h_1_player_name, h_2_player_id, h_2_player_name, v_1_player_id, v_1_player_name, v_2_player_id, v_2_player_name, winning_score, winner) VALUES (44172011, 441720, 'singles', 1, 188872, 'Occhipinti,Nena', null, '', 180272, 'Freed,Kari H', null, '', '2-6,6-2,1-0', 'Home'), (44172012, 441720, 'singles', 2, 147521, 'Klingler,Elizabeth', null, '', 153051, 'Dhindsa,Ginni', null, '', '6-4,0-6,1-0', 'Visitor'), (44172021, 441720, 'doubles', 1, 138454, 'Greenberg,Michelle', 135104, 'Harley,Sherry S', 139983, 'Silva,Denise R', 209370, 'laskey,allison', '7-6,6-1', 'Visitor'), (44172022, 441720, 'doubles', 2, 106496, 'Gibbens,Roxanne', 145559, 'DeMuro,Jennifer', 134659, 'Johnson,Angela', 67114, 'Mehra,Neeru', '6-0,6-4', 'Home'), (44172023, 441720, 'doubles', 3, 130842, 'Rothschild,Kerry', 149956, 'Stephens,Christine', 164126, 'Cunningham,Kirsten', 114342, 'Dulin,Denise', '6-2,6-0', 'Home'), (44199811, 441998, 'singles', 1, 144819, 'Slain,Cindy', null, '', 130656, 'Quintero,Diane E', null, '', '6-3,7-5', 'Visitor'), (44199812, 441998, 'singles', 2, 160512, 'Zappula,Michele', null, '', 165037, 'Gallo,Mary', null, '', '6-0,6-4', 'Visitor'), (44199821, 441998, 'doubles', 1, 159197, 'Courtney,Barbara B', 164025, 'Okunski,Beth', 222555, 'Fitzpatrick,Christine V', 145981, 'Latos,Nanette', '6-1,0-6,1-0', 'Home'), (44199822, 441998, 'doubles', 2, 161784, 'Brotzel,Amanda', 139983, 'Silva,Denise R', 128808, 'BLACK,SANDRA K', 38855, 'Conley,Joan', '3-6,6-3,1-0', 'Home'), (44199823, 441998, 'doubles', 3, 172169, 'Malani,Elisa P', 147428, 'Topper,May', 146849, 'Panian,Karen', 78833, 'Swing,Joanne M', '7-5,3-6,1-0', 'Home'), (44309611, 443096, 'singles', 1, 67903, 'Sharper,Sayuri K', null, '', 178444, 'Tesauro,Joan', null, '', '6-4,7-6', 'Visitor'), (44309612, 443096, 'singles', 2, 147402, 'Michalek,Lubica', null, '', 160512, 'Zappula,Michele', null, '', '6-1,7-5', 'Home'), (44309621, 443096, 'doubles', 1, 116067, 'Arnesen,Erna', 114507, 'Low,Eva', 89000, 'Hershey-Lin,Catharine D', 153051, 'Dhindsa,Ginni', '7-6,7-5', 'Visitor'), (44309622, 443096, 'doubles', 2, 15170, 'Rado,Dotti', 79976, 'Wang,Ren D', 120500, 'Harvey,Gigi B', 155360, 'Simpson,Lisa M', '6-1,4-6,1-0', 'Visitor'), (44309623, 443096, 'doubles', 3, 56855, 'Wong,Kweiping', 199479, 'Nashimoto,Reiko', 95963, 'Brossart,Laura A', 62855, 'Fennell,Elizabeth J', '4-6,6-1,1-0', 'Visitor'), (44392311, 443923, 'singles', 1, 180272, 'Freed,Kari H', null, '', 219119, 'Cazares,Aida', null, '', '6-0,6-0', 'Home'), (44392312, 443923, 'singles', 2, 144819, 'Slain,Cindy', null, '', 62620, 'Ha,Bianconi', null, '', '6-2,7-6', 'Visitor'), (44392321, 443923, 'doubles', 1, 89000, 'Hershey-Lin,Catharine D', 165928, 'Shaw,Elizabeth', 214974, 'gillis,kate k', 219278, 'Grunnet-Jepsen,Helene', '6-3,5-7,1-0', 'Visitor'), (44392322, 443923, 'doubles', 2, 164025, 'Okunski,Beth', 159197, 'Courtney,Barbara B', 39017, 'Rincon,Geri', 137752, 'Schmidlin,Linda J', '6-7,6-0,1-0', 'Home'), (44392323, 443923, 'doubles', 3, 147428, 'Topper,May', 166849, 'Ballard,Shawna L', 137236, 'Loebs,Colleen', 148774, 'Krishnamurthy,Raji', '6-2,6-1', 'Visitor'), (44420111, 444201, 'singles', 1, 148132, 'Kebebew,Nebabie', null, '', 188872, 'Occhipinti,Nena', null, '', '6-0,6-2', 'Visitor'), (44420112, 444201, 'singles', 2, 159197, 'Courtney,Barbara B', null, '', 76563, 'Cantu Hill,Renee', null, '', '6-1,7-6', 'Home'), (44420121, 444201, 'doubles', 1, 180272, 'Freed,Kari H', 165928, 'Shaw,Elizabeth', 145832, 'Robbins,Paige', 139832, 'Rubnitz,Deborah', '2-6,7-6,1-0', 'Visitor'), (44420122, 444201, 'doubles', 2, 209370, 'laskey,allison', 139983, 'Silva,Denise R', 145559, 'DeMuro,Jennifer', 106496, 'Gibbens,Roxanne', '6-3,6-4', 'Visitor'), (44420123, 444201, 'doubles', 3, 161784, 'Brotzel,Amanda', 155360, 'Simpson,Lisa M', 149956, 'Stephens,Christine', 130842, 'Rothschild,Kerry', '6-2,6-2', 'Visitor'), (44502811, 445028, 'singles', 1, 130656, 'Quintero,Diane E', null, '', 153051, 'Dhindsa,Ginni', null, '', '6-2,6-2', 'Home'), (44502812, 445028, 'singles', 2, 222555, 'Fitzpatrick,Christine V', null, '', 164126, 'Cunningham,Kirsten', null, '', '6-2,6-0', 'Visitor'), (44502821, 445028, 'doubles', 1, 223262, 'Filby,Helen', 217293, 'Liddle,Jane C', 62855, 'Fennell,Elizabeth J', 161784, 'Brotzel,Amanda', '6-0,6-3', 'Home'), (44502822, 445028, 'doubles', 2, 146849, 'Panian,Karen', 128808, 'BLACK,SANDRA K', 178444, 'Tesauro,Joan', 172169, 'Malani,Elisa P', '6-2,2-6,1-0', 'Home'), (44502823, 445028, 'doubles', 3, 141301, 'Sells,Debra', 78833, 'Swing,Joanne M', 114342, 'Dulin,Denise', 139578, 'Ratcliff,Jerilynn', '6-2,3-6,1-0', 'Visitor'), (44612711, 446127, 'singles', 1, 180272, 'Freed,Kari H', null, '', 147402, 'Michalek,Lubica', null, '', '6-0,6-0', 'Home'), (44612712, 446127, 'singles', 2, 144819, 'Slain,Cindy', null, '', 147402, 'Michalek,Lubica', null, '', '6-0,6-0', 'Home'), (44612721, 446127, 'doubles', 1, 153051, 'Dhindsa,Ginni', 89000, 'Hershey-Lin,Catharine D', 82668, 'Crosta,Linda', 27072, 'Petovsky,Michiko', '6-0,6-3', 'Home'), (44612722, 446127, 'doubles', 2, 166849, 'Ballard,Shawna L', 172169, 'Malani,Elisa P', 15170, 'Rado,Dotti', 79976, 'Wang,Ren D', '6-3,1-6,1-0', 'Visitor'), (44612723, 446127, 'doubles', 3, 62855, 'Fennell,Elizabeth J', 160512, 'Zappula,Michele', 116067, 'Arnesen,Erna', 47272, 'Lok,Carolyn', '6-4,6-3', 'Home'), (44639911, 446399, 'singles', 1, 214974, 'gillis,kate k', null, '', 197202, 'De Los Reyes,Linda', null, '', '6-0,6-2', 'Home'), (44639912, 446399, 'singles', 2, 219278, 'Grunnet-Jepsen,Helene', null, '', 197202, 'De Los Reyes,Linda', null, '', '6-0,6-0', 'Home'), (44639921, 446399, 'doubles', 1, 137236, 'Loebs,Colleen', 148774, 'Krishnamurthy,Raji', 178444, 'Tesauro,Joan', 157973, 'O''Neill,Hang T', '7-5,6-7,1-0', 'Home'), (44639922, 446399, 'doubles', 2, 138961, 'Fox,Lise F', 133937, 'Pittenger,Stacie', 114342, 'Dulin,Denise', 139578, 'Ratcliff,Jerilynn', '6-2,2-6,1-0', 'Home'), (44639923, 446399, 'doubles', 3, 169871, 'Freeman,Laura', 137752, 'Schmidlin,Linda J', 120500, 'Harvey,Gigi B', 139983, 'Silva,Denise R', '7-5,6-3', 'Home'), (44699911, 446999, 'singles', 1, 164208, 'Little,Heather S', null, '', 180272, 'Freed,Kari H', null, '', '0-6,7-5,1-0', 'Visitor'), (44699912, 446999, 'singles', 2, 155848, 'Freiman,Susan', null, '', 197202, 'De Los Reyes,Linda', null, '', '6-0,6-0', 'Home'), (44699921, 446999, 'doubles', 1, 135104, 'Harley,Sherry S', 113746, 'Avila,Lydia A', 139983, 'Silva,Denise R', 209370, 'laskey,allison', '6-0,6-3', 'Home'), (44699922, 446999, 'doubles', 2, 145559, 'DeMuro,Jennifer', 106496, 'Gibbens,Roxanne', 155360, 'Simpson,Lisa M', 120500, 'Harvey,Gigi B', '6-0,7-5', 'Home'), (44699923, 446999, 'doubles', 3, 146189, 'Wookey,Tracey', 149956, 'Stephens,Christine', 159197, 'Courtney,Barbara B', 172169, 'Malani,Elisa P', '6-3,6-1', 'Visitor'), (44709711, 447097, 'singles', 1, 153051, 'Dhindsa,Ginni', null, '', 217293, 'Liddle,Jane C', null, '', '6-1,6-3', 'Visitor'), (44709712, 447097, 'singles', 2, 153051, 'Dhindsa,Ginni', null, '', 130656, 'Quintero,Diane E', null, '', '6-0,6-0', 'Visitor'), (44709721, 447097, 'doubles', 1, 159197, 'Courtney,Barbara B', 164025, 'Okunski,Beth', 162027, 'Asher,Essie A', 142212, 'MacLean,Marybeth', '6-1,6-4', 'Home'), (44709722, 447097, 'doubles', 2, 178444, 'Tesauro,Joan', 160512, 'Zappula,Michele', 222555, 'Fitzpatrick,Christine V', 78833, 'Swing,Joanne M', '4-6,6-3,1-0', 'Home'), (44709723, 447097, 'doubles', 3, 209370, 'laskey,allison', 155360, 'Simpson,Lisa M', 128808, 'BLACK,SANDRA K', 38855, 'Conley,Joan', '6-0,7-5', 'Visitor'), (44172211, 441722, 'singles', 1, 185570, 'Callaway,Andrea', null, '', 212522, 'Barbour,Kelly B', null, '', '6-1,2-6,1-0', 'Home'), (44172212, 441722, 'singles', 2, 165363, 'Johnson,Deanna', null, '', 206251, 'Tondreau,Pamela', null, '', '6-1,2-0', 'Home'), (44172221, 441722, 'doubles', 1, 165195, 'Gutierrez,Lidia', 157587, 'Dwyer,Kristin', 73735, 'Hsieh,Lori L', 177227, 'Corr,Rae', '6-3,6-4', 'Home'), (44172222, 441722, 'doubles', 2, 165547, 'Walker,Kate', 185717, 'Nelson,Deana', 156454, 'Klembith,Andrea', 215293, 'McDonald,Sue', '6-3,6-3', 'Visitor'), (44172223, 441722, 'doubles', 3, 185451, 'Graff,Rattana', 189716, 'Daetz,Nancy M', 208951, 'Krock,Kelley', 74442, 'Bruning,Vanessa B', '6-2,7-5', 'Home'), (44200011, 442000, 'singles', 1, 74442, 'Bruning,Vanessa B', null, '', 209309, 'Alvarado-Zheng,Wendy', null, '', '7-5,6-3', 'Home'), (44200012, 442000, 'singles', 2, 147193, 'Kennedy,Kristine M', null, '', 191471, 'Mukherjee,Puja', null, '', '6-0,6-1', 'Visitor'), (44200021, 442000, 'doubles', 1, 156454, 'Klembith,Andrea', 215293, 'McDonald,Sue', 181370, 'Holmsten,Barbara', 101255, 'Klosky,Debbie A', '6-3,7-6', 'Visitor'), (44200022, 442000, 'doubles', 2, 90025, 'OLeary,Mary T', 177227, 'Corr,Rae', 120992, 'Pullen,Jeannie', 208771, 'Greenaway,Dawn', '6-7,7-6,1-0', 'Home'), (44200023, 442000, 'doubles', 3, 3569, 'Whiting,Annette', 37414, 'Bruning,Irene E', 165168, 'Reicher,Wendy', 146362, 'Kirschenheuter,Cheri C', '6-1,6-2', 'Visitor'), (44281911, 442819, 'singles', 1, 177483, 'Dumanski,Joanne', null, '', 147193, 'Kennedy,Kristine M', null, '', '6-3,6-4', 'Visitor'), (44281912, 442819, 'singles', 2, 148171, 'Wilson,Janice', null, '', 129440, 'Sprinkle,Leslie', null, '', '3-6,6-4,1-0', 'Home'), (44281921, 442819, 'doubles', 1, 133887, 'Bell,Brier', 147422, 'Seo,Sara', 73735, 'Hsieh,Lori L', 177557, 'James,Jenna', '7-5', 'Home'), (44281922, 442819, 'doubles', 2, 178128, 'Comerford,Carolyn', 178120, 'Brace,Karen', 130006, 'Miller,Paige A', 208951, 'Krock,Kelley', '6-0,7-5', 'Visitor'), (44281923, 442819, 'doubles', 3, 177688, 'Kennedy,Julia C', 14984, 'Hill,Carole L', 156454, 'Klembith,Andrea', 55617, 'Slater,Rhonda', '6-0,6-3', 'Visitor'), (44310211, 443102, 'singles', 1, 74442, 'Bruning,Vanessa B', null, '', 186929, 'Copenhagen,Shawn L', null, '', '6-3,6-3', 'Home'), (44310212, 443102, 'singles', 2, 74442, 'Bruning,Vanessa B', null, '', 213172, 'McGregor-Crane,Izzie', null, '', '6-0,6-0', 'Visitor'), (44310221, 443102, 'doubles', 1, 215293, 'McDonald,Sue', 147193, 'Kennedy,Kristine M', 225980, 'Huang,Stacey', 226009, 'Koo,Shin H', '6-2,6-0', 'Visitor'), (44310222, 443102, 'doubles', 2, 55617, 'Slater,Rhonda', 177557, 'James,Jenna', 146311, 'Warford,Kimberly', 184144, 'Soleta,Debbie P', '6-4,3-6,1-0', 'Visitor'), (44310223, 443102, 'doubles', 3, 3569, 'Whiting,Annette', 208951, 'Krock,Kelley', 155323, 'Schulze,Jill B', 137402, 'Scott,Hazel J', '6-2,6-4', 'Visitor'), (44392411, 443924, 'singles', 1, 131758, 'Salamida,Lori A', null, '', 74442, 'Bruning,Vanessa B', null, '', '6-0,4-6,1-0', 'Home'), (44392412, 443924, 'singles', 2, 202355, 'Maguire,Molly', null, '', 212522, 'Barbour,Kelly B', null, '', '5-7,7-5,1-0', 'Home'), (44392421, 443924, 'doubles', 1, 201293, 'Hunt,Gretchen', 130144, 'Prosser,Barbara', 156454, 'Klembith,Andrea', 215293, 'McDonald,Sue', '6-2,6-0', 'Home'), (44392422, 443924, 'doubles', 2, 147148, 'Ivanov,Bridget H', 130117, 'Perino,Carrie A', 147193, 'Kennedy,Kristine M', 177557, 'James,Jenna', '6-1,7-5', 'Home'), (44392423, 443924, 'doubles', 3, 122226, 'Stedman,Michele', 54538, 'Warneke,Kay E', 177227, 'Corr,Rae', 90025, 'OLeary,Mary T', '5-7,6-1,1-0', 'Visitor'), (44420411, 444204, 'singles', 1, 147193, 'Kennedy,Kristine M', null, '', 147570, 'Weiss,Robyn D', null, '', '6-1,6-0', 'Visitor'), (44420412, 444204, 'singles', 2, 129440, 'Sprinkle,Leslie', null, '', 185467, 'Loetz,Heather', null, '', '6-4,7-5', 'Visitor'), (44420421, 444204, 'doubles', 1, 74442, 'Bruning,Vanessa B', 37414, 'Bruning,Irene E', 78890, 'Buchberger,Shelley D', 157504, 'Harkness,Christine', '6-4,6-2', 'Visitor'), (44420422, 444204, 'doubles', 2, 156454, 'Klembith,Andrea', 215293, 'McDonald,Sue', 177686, 'Playford,Justine', 115503, 'Rognon,Allene', '6-3,4-6,1-0', 'Visitor'), (44420423, 444204, 'doubles', 3, 208951, 'Krock,Kelley', 5726, 'Roof,Debbie L', 147397, 'Greene,Karen', 177008, 'Haase,Karen', '7-6,6-2', 'Visitor'), (44530611, 445306, 'singles', 1, 212522, 'Barbour,Kelly B', null, '', 146944, 'Bybel,Alexis', null, '', '6-3,6-2', 'Home'), (44530612, 445306, 'singles', 2, 212522, 'Barbour,Kelly B', null, '', 120882, 'Martin,Karen D', null, '', '6-0,6-0', 'Visitor'), (44530621, 445306, 'doubles', 1, 74442, 'Bruning,Vanessa B', 156454, 'Klembith,Andrea', 11600, 'Cotton,Cynthia', 16991, 'Headen,Marilee', '6-0,6-3', 'Home'), (44530622, 445306, 'doubles', 2, 208951, 'Krock,Kelley', 5726, 'Roof,Debbie L', 189716, 'Daetz,Nancy M', 165363, 'Johnson,Deanna', '2-6,6-4,1-0', 'Visitor'), (44530623, 445306, 'doubles', 3, 208951, 'Krock,Kelley', 5726, 'Roof,Debbie L', 185717, 'Nelson,Deana', 165547, 'Walker,Kate', '6-0,6-0', 'Visitor'), (44612211, 446122, 'singles', 1, 209309, 'Alvarado-Zheng,Wendy', null, '', 74442, 'Bruning,Vanessa B', null, '', '6-2,5-7,1-0', 'Home'), (44612212, 446122, 'singles', 2, 170286, 'Ahuja,Kristina', null, '', 212522, 'Barbour,Kelly B', null, '', '6-4,7-5', 'Visitor'), (44612221, 446122, 'doubles', 1, 141363, 'Abdenova,Gulmira', 184376, 'Krishna,Reshma', 156454, 'Klembith,Andrea', 147193, 'Kennedy,Kristine M', '7-5,6-0', 'Home'), (44612222, 446122, 'doubles', 2, 202933, 'Mukherjee,Valerie', 177135, 'Dublin,Marci K', 177227, 'Corr,Rae', 129440, 'Sprinkle,Leslie', '6-0,6-0', 'Home'), (44612223, 446122, 'doubles', 3, 101255, 'Klosky,Debbie A', 181370, 'Holmsten,Barbara', 130006, 'Miller,Paige A', 5726, 'Roof,Debbie L', '6-3,6-0', 'Home'), (44699811, 446998, 'singles', 1, 157901, 'Seuis,Maggie L', null, '', 212522, 'Barbour,Kelly B', null, '', '6-3,6-0', 'Visitor'), (44699812, 446998, 'singles', 2, 213172, 'McGregor-Crane,Izzie', null, '', 147193, 'Kennedy,Kristine M', null, '', '6-1,6-0', 'Home'), (44699821, 446998, 'doubles', 1, 225980, 'Huang,Stacey', 226009, 'Koo,Shin H', 156454, 'Klembith,Andrea', 90025, 'OLeary,Mary T', '6-3,6-1', 'Home'), (44699822, 446998, 'doubles', 2, 155653, 'Althoff,Cathy W', 172402, 'Blom,Nancy', 3569, 'Whiting,Annette', 37414, 'Bruning,Irene E', '6-1,6-3', 'Home'), (44699823, 446998, 'doubles', 3, 171112, 'Baldwin,Sheri A', 146379, 'Cason,Kate', 129440, 'Sprinkle,Leslie', 208951, 'Krock,Kelley', '4-6,6-3,1-0', 'Home'), (44709911, 447099, 'singles', 1, 74442, 'Bruning,Vanessa B', null, '', 131758, 'Salamida,Lori A', null, '', '6-3,6-2', 'Home'), (44709912, 447099, 'singles', 2, 212522, 'Barbour,Kelly B', null, '', 143600, 'Briggs,Amy', null, '', '6-3,7-5', 'Home'), (44709921, 447099, 'doubles', 1, 147193, 'Kennedy,Kristine M', 215293, 'McDonald,Sue', 165496, 'Butcher,Veronica', 113716, 'McQueen,Kelly M', '6-4,6-4', 'Visitor'), (44709922, 447099, 'doubles', 2, 37414, 'Bruning,Irene E', 90025, 'OLeary,Mary T', 195605, 'Green,Clarissa A', 154827, 'O''Keefe,Paula L', '6-4,6-2', 'Visitor'), (44709923, 447099, 'doubles', 3, 208951, 'Krock,Kelley', 130006, 'Miller,Paige A', 21967, 'Cammisa,Vicky', 54538, 'Warneke,Kay E', '6-2,2-6,1-0', 'Visitor'), (44171711, 441717, 'singles', 1, 62620, 'Ha,Bianconi', null, '', 67903, 'Sharper,Sayuri K', null, '', '6-4,7-6', 'Home'), (44171712, 441717, 'singles', 2, 138961, 'Fox,Lise F', null, '', 147402, 'Michalek,Lubica', null, '', '7-6,3-6,1-0', 'Visitor'), (44171721, 441717, 'doubles', 1, 214974, 'gillis,kate k', 219278, 'Grunnet-Jepsen,Helene', 94271, 'Ang,Mina', 125820, 'Delgado-Schliffke,Maria', '6-0,6-3', 'Home'), (44171722, 441717, 'doubles', 2, 137236, 'Loebs,Colleen', 8750, 'Lumpkin,Melinda', 47272, 'Lok,Carolyn', 114507, 'Low,Eva', '6-4,6-4', 'Visitor'), (44171723, 441717, 'doubles', 3, 39017, 'Rincon,Geri', 122943, 'Maliksi,Rocelle R', 47272, 'Lok,Carolyn', 114507, 'Low,Eva', '6-0,6-0', 'Home'), (44199611, 441996, 'singles', 1, 67903, 'Sharper,Sayuri K', null, '', 188872, 'Occhipinti,Nena', null, '', '6-4,5-5', 'Visitor'), (44199612, 441996, 'singles', 2, 147474, 'La,Le-Oanh T', null, '', 155848, 'Freiman,Susan', null, '', '6-4,7-5', 'Visitor'), (44199621, 441996, 'doubles', 1, 47272, 'Lok,Carolyn', 56855, 'Wong,Kweiping', 106496, 'Gibbens,Roxanne', 145559, 'DeMuro,Jennifer', '6-1,6-2', 'Visitor'), (44199622, 441996, 'doubles', 2, 125820, 'Delgado-Schliffke,Maria', 51552, 'Hanson,Susan G', 113746, 'Avila,Lydia A', 135104, 'Harley,Sherry S', '6-1,6-1', 'Visitor'), (44199623, 441996, 'doubles', 3, 27072, 'Petovsky,Michiko', 82668, 'Crosta,Linda', 146189, 'Wookey,Tracey', 145832, 'Robbins,Paige', '6-2,3-6,1-0', 'Visitor'), (44282211, 442822, 'singles', 1, 217293, 'Liddle,Jane C', null, '', 147474, 'La,Le-Oanh T', null, '', '6-0,6-3', 'Home'), (44282212, 442822, 'singles', 2, 130656, 'Quintero,Diane E', null, '', 67903, 'Sharper,Sayuri K', null, '', '6-0,6-0', 'Home'), (44282221, 442822, 'doubles', 1, 121003, 'Delsignore,Claire', 137981, 'Wade,Rebecca L', 47272, 'Lok,Carolyn', 125820, 'Delgado-Schliffke,Maria', '6-2,6-1', 'Home'), (44282222, 442822, 'doubles', 2, 165037, 'Gallo,Mary', 135678, 'Bakke,Judy L', 82668, 'Crosta,Linda', 27072, 'Petovsky,Michiko', '6-3,6-4', 'Home'), (44282223, 442822, 'doubles', 3, 223262, 'Filby,Helen', 121060, 'Kirkorian,Kim', 116067, 'Arnesen,Erna', 125137, 'Boyarshinova,Anna', '6-2,6-2', 'Visitor'), (44419711, 444197, 'singles', 1, 201936, 'Miyajima,Aiko', null, '', 214974, 'gillis,kate k', null, '', '6-1,6-3', 'Home'), (44419712, 444197, 'singles', 2, 147402, 'Michalek,Lubica', null, '', 219278, 'Grunnet-Jepsen,Helene', null, '', '6-3,6-4', 'Visitor'), (44419721, 444197, 'doubles', 1, 116067, 'Arnesen,Erna', 125137, 'Boyarshinova,Anna', 169871, 'Freeman,Laura', 147095, 'Brown,Kelley C', '6-2,2-6,1-0', 'Home'), (44419722, 444197, 'doubles', 2, 47272, 'Lok,Carolyn', 15170, 'Rado,Dotti', 137752, 'Schmidlin,Linda J', 105710, 'Motamedi,Cindy M', '6-4,4-6,1-0', 'Home'), (44419723, 444197, 'doubles', 3, 27072, 'Petovsky,Michiko', 199479, 'Nashimoto,Reiko', 219119, 'Cazares,Aida', 39017, 'Rincon,Geri', '6-2,6-3', 'Home'), (44502111, 445021, 'singles', 1, 188872, 'Occhipinti,Nena', null, '', 147474, 'La,Le-Oanh T', null, '', '2-1', 'Visitor'), (44502112, 445021, 'singles', 2, 147521, 'Klingler,Elizabeth', null, '', 147402, 'Michalek,Lubica', null, '', '7-6,6-4', 'Home'), (44502121, 445021, 'doubles', 1, 146189, 'Wookey,Tracey', 155848, 'Freiman,Susan', 58809, 'Chang,Janet C', 116067, 'Arnesen,Erna', '6-2,6-4', 'Home'), (44502122, 445021, 'doubles', 2, 106496, 'Gibbens,Roxanne', 145559, 'DeMuro,Jennifer', 125137, 'Boyarshinova,Anna', 27072, 'Petovsky,Michiko', '6-4,7-5', 'Home'), (44502123, 445021, 'doubles', 3, 130842, 'Rothschild,Kerry', 90254, 'Baden,Ginger', 94271, 'Ang,Mina', 47272, 'Lok,Carolyn', '6-2,6-0', 'Home'), (44529911, 445299, 'singles', 1, 67903, 'Sharper,Sayuri K', null, '', 217293, 'Liddle,Jane C', null, '', '6-1,6-1', 'Visitor'), (44529912, 445299, 'singles', 2, 147402, 'Michalek,Lubica', null, '', 165037, 'Gallo,Mary', null, '', '6-3,6-4', 'Visitor'), (44529921, 445299, 'doubles', 1, 147474, 'La,Le-Oanh T', 116067, 'Arnesen,Erna', 145981, 'Latos,Nanette', 130656, 'Quintero,Diane E', '7-5,6-3', 'Visitor'), (44529922, 445299, 'doubles', 2, 15170, 'Rado,Dotti', 104348, 'Hollis,Susan A', 162027, 'Asher,Essie A', 192934, 'Tharp,Lori', '4-6,6-2,1-0', 'Visitor'), (44529923, 445299, 'doubles', 3, 114507, 'Low,Eva', 199479, 'Nashimoto,Reiko', 121060, 'Kirkorian,Kim', 205414, 'Potts,Amy L', '6-4,6-2', 'Home'), (44700211, 447002, 'singles', 1, 147474, 'La,Le-Oanh T', null, '', 147095, 'Brown,Kelley C', null, '', '6-2,6-3', 'Home'), (44700212, 447002, 'singles', 2, 147474, 'La,Le-Oanh T', null, '', 219119, 'Cazares,Aida', null, '', '6-0,6-0', 'Visitor'), (44700221, 447002, 'doubles', 1, 116067, 'Arnesen,Erna', 104348, 'Hollis,Susan A', 219278, 'Grunnet-Jepsen,Helene', 138961, 'Fox,Lise F', '7-5,6-4', 'Home'), (44700222, 447002, 'doubles', 2, 114507, 'Low,Eva', 56855, 'Wong,Kweiping', 62620, 'Ha,Bianconi', 39017, 'Rincon,Geri', '4-6,6-0,1-0', 'Home'), (44700223, 447002, 'doubles', 3, 114507, 'Low,Eva', 56855, 'Wong,Kweiping', 137752, 'Schmidlin,Linda J', 200977, 'Schilling,Julie', '6-0,6-0', 'Visitor'), (44720211, 447202, 'singles', 1, 217293, 'Liddle,Jane C', null, '', 67903, 'Sharper,Sayuri K', null, '', '6-3,6-0', 'Home'), (44720212, 447202, 'singles', 2, 183521, 'Kerr,Karen', null, '', 147402, 'Michalek,Lubica', null, '', '6-0,6-2', 'Home'), (44720221, 447202, 'doubles', 1, 121003, 'Delsignore,Claire', 137981, 'Wade,Rebecca L', 47272, 'Lok,Carolyn', 58809, 'Chang,Janet C', '7-5,6-3', 'Visitor'), (44720222, 447202, 'doubles', 2, 142212, 'MacLean,Marybeth', 146849, 'Panian,Karen', 199479, 'Nashimoto,Reiko', 147474, 'La,Le-Oanh T', '7-6,6-2', 'Home'), (44720223, 447202, 'doubles', 3, 154269, 'Griscom,Elinor', 141301, 'Sells,Debra', 116067, 'Arnesen,Erna', 104348, 'Hollis,Susan A', '7-6,5-7,1-0', 'Visitor'), (44171911, 441719, 'singles', 1, 177483, 'Dumanski,Joanne', null, '', 202355, 'Maguire,Molly', null, '', '3-6,6-3,1-0', 'Home'), (44171912, 441719, 'singles', 2, 148171, 'Wilson,Janice', null, '', 195605, 'Green,Clarissa A', null, '', '6-0,4-6,1-0', 'Visitor'), (44171921, 441719, 'doubles', 1, 120751, 'Paull,Diane', 90154, 'Knuppe,Kathryn R', 201293, 'Hunt,Gretchen', 130144, 'Prosser,Barbara', '6-0,5-7,1-0', 'Visitor'), (44171922, 441719, 'doubles', 2, 133887, 'Bell,Brier', 147422, 'Seo,Sara', 164036, 'Adams,Rebecca', 147148, 'Ivanov,Bridget H', '4-6,6-0,1-0', 'Visitor'), (44171923, 441719, 'doubles', 3, 178120, 'Brace,Karen', 154391, 'Austin,Lucia', 62834, 'Becker,Joanne', 149077, 'Girzadas,Virginia H', '3-6,7-6,1-0', 'Visitor'), (44199411, 441994, 'singles', 1, 149077, 'Girzadas,Virginia H', null, '', 172402, 'Blom,Nancy', null, '', '6-4,6-7,1-0', 'Visitor'), (44199412, 441994, 'singles', 2, 131758, 'Salamida,Lori A', null, '', 186929, 'Copenhagen,Shawn L', null, '', '6-2,7-5', 'Home'), (44199421, 441994, 'doubles', 1, 164036, 'Adams,Rebecca', 143600, 'Briggs,Amy', 225980, 'Huang,Stacey', 226009, 'Koo,Shin H', '5-7,6-3,1-0', 'Home'), (44199422, 441994, 'doubles', 2, 147148, 'Ivanov,Bridget H', 189819, 'Stockslager,Joelle', 184144, 'Soleta,Debbie P', 165350, 'Tran-carper,Tiffany', '3-6,6-3,1-0', 'Home'), (44199423, 441994, 'doubles', 3, 202702, 'Miks,Kirsten', 195377, 'Reed,Chrissy', 176854, 'Cring,Nicole', 146311, 'Warford,Kimberly', '3-6,6-3,1-0', 'Home'), (44310011, 443100, 'singles', 1, 201237, 'Nelson,Kareen L', null, '', 165496, 'Butcher,Veronica', null, '', '6-0,6-3', 'Visitor'), (44310012, 443100, 'singles', 2, 177686, 'Playford,Justine', null, '', 202355, 'Maguire,Molly', null, '', '1-6,6-2,1-0', 'Home'), (44310021, 443100, 'doubles', 1, 78890, 'Buchberger,Shelley D', 157504, 'Harkness,Christine', 164036, 'Adams,Rebecca', 189819, 'Stockslager,Joelle', '7-5,6-1', 'Home'), (44310022, 443100, 'doubles', 2, 202132, 'Miller,Christine', 160457, 'Theriault,Judy M', 143982, 'Godvin,Marni', 130144, 'Prosser,Barbara', '6-4,7-5', 'Home'), (44310023, 443100, 'doubles', 3, 12297, 'Sue,Gloria', 142580, 'Barnes,Kimberley L', 21967, 'Cammisa,Vicky', 149077, 'Girzadas,Virginia H', '1-6,6-2,1-0', 'Home'), (44419911, 444199, 'singles', 1, 120882, 'Martin,Karen D', null, '', 131758, 'Salamida,Lori A', null, '', '6-3,6-4', 'Visitor'), (44419912, 444199, 'singles', 2, 120882, 'Martin,Karen D', null, '', 202355, 'Maguire,Molly', null, '', '6-0,6-0', 'Visitor'), (44419921, 444199, 'doubles', 1, 189716, 'Daetz,Nancy M', 165363, 'Johnson,Deanna', 154827, 'O''Keefe,Paula L', 130144, 'Prosser,Barbara', '6-4,6-3', 'Visitor'), (44419922, 444199, 'doubles', 2, 97301, 'Clark,Gail', 222587, 'McDonald,Sia', 164036, 'Adams,Rebecca', 203668, 'Blechman,Tricia', '6-1,6-2', 'Visitor'), (44419923, 444199, 'doubles', 3, 214079, 'Rich,Rochelle C', 177266, 'Walsh,Jennifer A', 202702, 'Miks,Kirsten', 195377, 'Reed,Chrissy', '6-0,6-1', 'Visitor'), (44502711, 445027, 'singles', 1, 202355, 'Maguire,Molly', null, '', 191471, 'Mukherjee,Puja', null, '', '6-2,6-0', 'Visitor'), (44502712, 445027, 'singles', 2, 143600, 'Briggs,Amy', null, '', 184674, 'Shay,Nicole L', null, '', '6-3,4-6,1-0', 'Home'), (44502721, 445027, 'doubles', 1, 164036, 'Adams,Rebecca', 122226, 'Stedman,Michele', 164089, 'Haller,Laura K', 141363, 'Abdenova,Gulmira', '5-7,6-1,1-0', 'Home'), (44502722, 445027, 'doubles', 2, 201293, 'Hunt,Gretchen', 131758, 'Salamida,Lori A', 177035, 'Pakin,Dawn R', 147925, 'Stapleton,Marie A', '6-1,6-1', 'Home'), (44502723, 445027, 'doubles', 3, 147148, 'Ivanov,Bridget H', 130117, 'Perino,Carrie A', 225545, 'Arante,Anna', 137463, 'Mempin,April', '6-4,6-4', 'Visitor'), (44530111, 445301, 'singles', 1, 131758, 'Salamida,Lori A', null, '', 177483, 'Dumanski,Joanne', null, '', '7-5,6-2', 'Home'), (44530112, 445301, 'singles', 2, 149077, 'Girzadas,Virginia H', null, '', 105292, 'Sage,Suzanne', null, '', '6-1,3-6,1-0', 'Visitor'), (44530121, 445301, 'doubles', 1, 143982, 'Godvin,Marni', 130144, 'Prosser,Barbara', 113552, 'Heggelund,Cheryl', 227524, 'Baer,Jill', '4-6,6-3,1-0', 'Home'), (44530122, 445301, 'doubles', 2, 195605, 'Green,Clarissa A', 202355, 'Maguire,Molly', 178120, 'Brace,Karen', 148171, 'Wilson,Janice', '6-2,6-2', 'Home'), (44530123, 445301, 'doubles', 3, 164036, 'Adams,Rebecca', 54538, 'Warneke,Kay E', 14984, 'Hill,Carole L', 208996, 'Salter,Diana M', '6-4,6-1', 'Home'), (44612311, 446123, 'singles', 1, 157901, 'Seuis,Maggie L', null, '', 131758, 'Salamida,Lori A', null, '', '6-1,6-1', 'Visitor'), (44612312, 446123, 'singles', 2, 165350, 'Tran-carper,Tiffany', null, '', 203668, 'Blechman,Tricia', null, '', '6-1,7-5', 'Home'), (44612321, 446123, 'doubles', 1, 186929, 'Copenhagen,Shawn L', 176854, 'Cring,Nicole', 189819, 'Stockslager,Joelle', 201293, 'Hunt,Gretchen', '6-2,6-0', 'Visitor'), (44612322, 446123, 'doubles', 2, 172402, 'Blom,Nancy', 165948, 'Brooks,Barbara', 130117, 'Perino,Carrie A', 147148, 'Ivanov,Bridget H', '1-6,6-1,1-0', 'Visitor'), (44612323, 446123, 'doubles', 3, 146379, 'Cason,Kate', 155323, 'Schulze,Jill B', 164036, 'Adams,Rebecca', 113716, 'McQueen,Kelly M', '6-0,6-3', 'Visitor'), (44700111, 447001, 'singles', 1, 131758, 'Salamida,Lori A', null, '', 201237, 'Nelson,Kareen L', null, '', '6-4,6-4', 'Home'), (44700112, 447001, 'singles', 2, 202355, 'Maguire,Molly', null, '', 185467, 'Loetz,Heather', null, '', '6-7,6-3,1-0', 'Visitor'), (44700121, 447001, 'doubles', 1, 165496, 'Butcher,Veronica', 113716, 'McQueen,Kelly M', 78890, 'Buchberger,Shelley D', 157504, 'Harkness,Christine', '7-6,6-4', 'Home'), (44700122, 447001, 'doubles', 2, 143982, 'Godvin,Marni', 130144, 'Prosser,Barbara', 202132, 'Miller,Christine', 160457, 'Theriault,Judy M', '6-1,7-6', 'Home'), (44700123, 447001, 'doubles', 3, 201293, 'Hunt,Gretchen', 189819, 'Stockslager,Joelle', 177686, 'Playford,Justine', 115503, 'Rognon,Allene', '6-2,6-1', 'Home'), (45309411, 453094, 'singles', 1, 131758, 'Salamida,Lori A', null, '', 213172, 'McGregor-Crane,Izzie', null, '', '6-3,7-6', 'Visitor'), (45309412, 453094, 'singles', 2, 202355, 'Maguire,Molly', null, '', 137402, 'Scott,Hazel J', null, '', '1-6,7-6,1-0', 'Visitor'), (45309421, 453094, 'doubles', 1, 189819, 'Stockslager,Joelle', 201293, 'Hunt,Gretchen', 146311, 'Warford,Kimberly', 172402, 'Blom,Nancy', '6-3,6-2', 'Home'), (45309422, 453094, 'doubles', 2, 164036, 'Adams,Rebecca', 113716, 'McQueen,Kelly M', 225980, 'Huang,Stacey', 226009, 'Koo,Shin H', '2-6,6-2,1-0', 'Home'), (45309423, 453094, 'doubles', 3, 130117, 'Perino,Carrie A', 147148, 'Ivanov,Bridget H', 176854, 'Cring,Nicole', 186929, 'Copenhagen,Shawn L', '6-4,6-2', 'Home'), (45351111, 453511, 'singles', 1, 143600, 'Briggs,Amy', null, '', 101255, 'Klosky,Debbie A', null, '', '6-1,6-2', 'Home'), (45351112, 453511, 'singles', 2, 195605, 'Green,Clarissa A', null, '', 191471, 'Mukherjee,Puja', null, '', '6-1,6-4', 'Visitor'), (45351121, 453511, 'doubles', 1, 143982, 'Godvin,Marni', 130144, 'Prosser,Barbara', 187033, 'Carey,Sarah', 209309, 'Alvarado-Zheng,Wendy', '6-3,6-4', 'Visitor'), (45351122, 453511, 'doubles', 2, 201293, 'Hunt,Gretchen', 189819, 'Stockslager,Joelle', 156606, 'Kang,Patricia J', 164089, 'Haller,Laura K', '6-3,6-3', 'Home'), (45351123, 453511, 'doubles', 3, 154827, 'O''Keefe,Paula L', 165496, 'Butcher,Veronica', 177135, 'Dublin,Marci K', 202933, 'Mukherjee,Valerie', '7-6,6-4', 'Visitor'), (44281411, 442814, 'singles', 1, 191471, 'Mukherjee,Puja', null, '', 120882, 'Martin,Karen D', null, '', '6-1,6-1', 'Home'), (44281412, 442814, 'singles', 2, 209309, 'Alvarado-Zheng,Wendy', null, '', 165363, 'Johnson,Deanna', null, '', '6-4,6-0', 'Home'), (44281421, 442814, 'doubles', 1, 187033, 'Carey,Sarah', 164089, 'Haller,Laura K', 165195, 'Gutierrez,Lidia', 157587, 'Dwyer,Kristin', '3-6,6-2,1-0', 'Home'), (44281422, 442814, 'doubles', 2, 145693, 'Coke,Shirley A', 156606, 'Kang,Patricia J', 179040, 'GALLAGHER,laura l', 226817, 'Denis,Jill', '6-3,6-7,1-0', 'Visitor'), (44281423, 442814, 'doubles', 3, 137463, 'Mempin,April', 184376, 'Krishna,Reshma', 165547, 'Walker,Kate', 185717, 'Nelson,Deana', '6-2,6-1', 'Visitor'), (44309911, 443099, 'singles', 1, 185570, 'Callaway,Andrea', null, '', 105292, 'Sage,Suzanne', null, '', '6-3,6-1', 'Home'), (44309912, 443099, 'singles', 2, 165363, 'Johnson,Deanna', null, '', 177483, 'Dumanski,Joanne', null, '', '6-0,6-1', 'Visitor'), (44309921, 443099, 'doubles', 1, 165195, 'Gutierrez,Lidia', 157587, 'Dwyer,Kristin', 120751, 'Paull,Diane', 71115, 'Boswell,Elizabeth', '2-3', 'Home'), (44309922, 443099, 'doubles', 2, 179040, 'GALLAGHER,laura l', 189716, 'Daetz,Nancy M', 90154, 'Knuppe,Kathryn R', 133887, 'Bell,Brier', '6-2,6-2', 'Visitor'), (44309923, 443099, 'doubles', 3, 11600, 'Cotton,Cynthia', 16991, 'Headen,Marilee', 148171, 'Wilson,Janice', 147422, 'Seo,Sara', '6-3,6-7,1-0', 'Visitor'), (44391911, 443919, 'singles', 1, 172402, 'Blom,Nancy', null, '', 165547, 'Walker,Kate', null, '', '6-0,6-1', 'Visitor'), (44391912, 443919, 'singles', 2, 213172, 'McGregor-Crane,Izzie', null, '', 120882, 'Martin,Karen D', null, '', '6-1,6-0', 'Home'), (44391921, 443919, 'doubles', 1, 225980, 'Huang,Stacey', 226009, 'Koo,Shin H', 16991, 'Headen,Marilee', 189716, 'Daetz,Nancy M', '4-6,6-2,1-0', 'Home'), (44391922, 443919, 'doubles', 2, 171112, 'Baldwin,Sheri A', 171756, 'St John,Debra', 185451, 'Graff,Rattana', 11600, 'Cotton,Cynthia', '6-0,2-6,1-0', 'Visitor'), (44391923, 443919, 'doubles', 3, 165948, 'Brooks,Barbara', 165350, 'Tran-carper,Tiffany', 167121, 'Cella,Maryann F', 226817, 'Denis,Jill', '6-3,6-3', 'Home'), (44502511, 445025, 'singles', 1, 201237, 'Nelson,Kareen L', null, '', 120882, 'Martin,Karen D', null, '', '6-2,6-4', 'Home'), (44502512, 445025, 'singles', 2, 132751, 'Turner,Cindy', null, '', 165363, 'Johnson,Deanna', null, '', '6-4,6-1', 'Home'), (44502521, 445025, 'doubles', 1, 78890, 'Buchberger,Shelley D', 202281, 'Hudak,Michelle', 165547, 'Walker,Kate', 185717, 'Nelson,Deana', '6-2,6-4', 'Visitor'), (44502522, 445025, 'doubles', 2, 155878, 'Alford,Arlie A', 142580, 'Barnes,Kimberley L', 165195, 'Gutierrez,Lidia', 157587, 'Dwyer,Kristin', '6-4,6-0', 'Visitor'), (44502523, 445025, 'doubles', 3, 124804, 'Stites,Sandra G', 177008, 'Haase,Karen', 189716, 'Daetz,Nancy M', 146944, 'Bybel,Alexis', '3-6,6-0,1-0', 'Home'), (44639711, 446397, 'singles', 1, 120882, 'Martin,Karen D', null, '', 191471, 'Mukherjee,Puja', null, '', '6-1,6-0', 'Visitor'), (44639712, 446397, 'singles', 2, 120882, 'Martin,Karen D', null, '', 184674, 'Shay,Nicole L', null, '', '6-0,6-0', 'Visitor'), (44639721, 446397, 'doubles', 1, 185717, 'Nelson,Deana', 165547, 'Walker,Kate', 209309, 'Alvarado-Zheng,Wendy', 187033, 'Carey,Sarah', '6-2,7-6', 'Visitor'), (44639722, 446397, 'doubles', 2, 165195, 'Gutierrez,Lidia', 179040, 'GALLAGHER,laura l', 170286, 'Ahuja,Kristina', 141363, 'Abdenova,Gulmira', '1-6,6-3,1-0', 'Home'), (44639723, 446397, 'doubles', 3, 165195, 'Gutierrez,Lidia', 179040, 'GALLAGHER,laura l', 146362, 'Kirschenheuter,Cheri C', 165168, 'Reicher,Wendy', '6-0,6-0', 'Visitor'), (44700011, 447000, 'singles', 1, 208996, 'Salter,Diana M', null, '', 120882, 'Martin,Karen D', null, '', '4-6,6-1,1-0', 'Visitor'), (44700012, 447000, 'singles', 2, 208996, 'Salter,Diana M', null, '', 165363, 'Johnson,Deanna', null, '', '6-0,6-0', 'Visitor'), (44700021, 447000, 'doubles', 1, 120751, 'Paull,Diane', 113552, 'Heggelund,Cheryl', 165195, 'Gutierrez,Lidia', 165547, 'Walker,Kate', '6-7,6-2,1-0', 'Visitor'), (44700022, 447000, 'doubles', 2, 178120, 'Brace,Karen', 178128, 'Comerford,Carolyn', 226817, 'Denis,Jill', 189716, 'Daetz,Nancy M', '6-1,6-1', 'Visitor'), (44700023, 447000, 'doubles', 3, 148171, 'Wilson,Janice', 177483, 'Dumanski,Joanne', 179040, 'GALLAGHER,laura l', 157587, 'Dwyer,Kristin', '4-6,4-0', 'Home'), (44709611, 447096, 'singles', 1, 120882, 'Martin,Karen D', null, '', 172402, 'Blom,Nancy', null, '', '3-6,6-4,1-0', 'Home'), (44709612, 447096, 'singles', 2, 120882, 'Martin,Karen D', null, '', 213172, 'McGregor-Crane,Izzie', null, '', '6-0,6-0', 'Visitor'), (44709621, 447096, 'doubles', 1, 165547, 'Walker,Kate', 165195, 'Gutierrez,Lidia', 226009, 'Koo,Shin H', 184144, 'Soleta,Debbie P', '6-1,3-6,1-0', 'Visitor'), (44709622, 447096, 'doubles', 2, 185717, 'Nelson,Deana', 179040, 'GALLAGHER,laura l', 146311, 'Warford,Kimberly', 155653, 'Althoff,Cathy W', '6-1,6-1', 'Home'), (44709623, 447096, 'doubles', 3, 165363, 'Johnson,Deanna', 189716, 'Daetz,Nancy M', 146379, 'Cason,Kate', 155608, 'Powers,Patricia M', '7-5,7-6', 'Home'), (44171311, 441713, 'singles', 1, 150779, 'Caspar,Kimberly S', null, '', 227231, 'french,janna', null, '', '6-1,6-1', 'Home'), (44171312, 441713, 'singles', 2, 191849, 'Dunn,Veronica L', null, '', 227231, 'french,janna', null, '', '6-0,6-0', 'Home'), (44171321, 441713, 'doubles', 1, 154548, 'Todd-Johnson,Pamela P', 143681, 'Wu,Rhona', 24435, 'Miller,Linda R', 8826, 'Grady,Debbie J', '6-2,6-4', 'Home'), (44171322, 441713, 'doubles', 2, 131222, 'Rodigo,Dedra L', 200298, 'Shade,Mary', 199561, 'Buck,Colleen M', 200631, 'Stevens,Judy', '6-1,6-2', 'Home'), (44171323, 441713, 'doubles', 3, 146939, 'Oliva,Irenessa', 138662, 'Kaczmarek,Sohair', 199561, 'Buck,Colleen M', 200631, 'Stevens,Judy', '6-0,6-0', 'Home'), (44199211, 441992, 'singles', 1, 227231, 'french,janna', null, '', 213493, 'Hirakawa,Yuri', null, '', '6-0,6-2', 'Visitor'), (44199212, 441992, 'singles', 2, 128978, 'Kring,Lisa', null, '', 148562, 'Cummings,Kristine', null, '', '6-3,6-1', 'Visitor'), (44199221, 441992, 'doubles', 1, 8826, 'Grady,Debbie J', 222373, 'Willyard,Kathryn', 196590, 'Thorson,Tami R', 138662, 'Kaczmarek,Sohair', '6-1,6-2', 'Visitor'), (44199222, 441992, 'doubles', 2, 215415, 'Ferras,Gisele', 142080, 'Raney,Cidnie C', 154548, 'Todd-Johnson,Pamela P', 143681, 'Wu,Rhona', '6-0,6-2', 'Visitor'), (44199223, 441992, 'doubles', 3, 200631, 'Stevens,Judy', 24435, 'Miller,Linda R', 151129, 'Miller,Becky', 213181, 'Fransz,Ellen', '6-0,6-1', 'Visitor'), (44281511, 442815, 'singles', 1, 148562, 'Cummings,Kristine', null, '', 128978, 'Kring,Lisa', null, '', '6-4,6-3', 'Home'), (44281512, 442815, 'singles', 2, 152688, 'Fuchs,Beth', null, '', 199561, 'Buck,Colleen M', null, '', '6-3,7-5', 'Home'), (44281521, 442815, 'doubles', 1, 196590, 'Thorson,Tami R', 138662, 'Kaczmarek,Sohair', 208576, 'Tucker,Ami K', 8826, 'Grady,Debbie J', '6-1,6-4', 'Home'), (44281522, 442815, 'doubles', 2, 146939, 'Oliva,Irenessa', 131222, 'Rodigo,Dedra L', 200631, 'Stevens,Judy', 215415, 'Ferras,Gisele', '6-0,6-4', 'Home'), (44281523, 442815, 'doubles', 3, 150779, 'Caspar,Kimberly S', 217155, 'Caietti,Naomi R', 24435, 'Miller,Linda R', 142080, 'Raney,Cidnie C', '6-1,6-2', 'Home'), (44309311, 443093, 'singles', 1, 150779, 'Caspar,Kimberly S', null, '', 130640, 'Griffin,Paula B', null, '', '6-0,6-0', 'Visitor'), (44309312, 443093, 'singles', 2, 128978, 'Kring,Lisa', null, '', 213493, 'Hirakawa,Yuri', null, '', '6-0,6-0', 'Visitor'), (44309321, 443093, 'doubles', 1, 208576, 'Tucker,Ami K', 221999, 'Mason,Angie', 154548, 'Todd-Johnson,Pamela P', 143681, 'Wu,Rhona', '7-6,6-3', 'Visitor'), (44309322, 443093, 'doubles', 2, 24435, 'Miller,Linda R', 142080, 'Raney,Cidnie C', 151129, 'Miller,Becky', 217155, 'Caietti,Naomi R', '6-3,6-4', 'Visitor'), (44309323, 443093, 'doubles', 3, 199561, 'Buck,Colleen M', 222373, 'Willyard,Kathryn', 139599, 'Wilson,Lyn T', 200298, 'Shade,Mary', '6-0,6-4', 'Visitor'), (44391811, 443918, 'singles', 1, 152688, 'Fuchs,Beth', null, '', 227231, 'french,janna', null, '', '6-2,6-1', 'Home'), (44391812, 443918, 'singles', 2, 148562, 'Cummings,Kristine', null, '', 128978, 'Kring,Lisa', null, '', '6-3,2-6,1-0', 'Home'), (44391821, 443918, 'doubles', 1, 143681, 'Wu,Rhona', 131222, 'Rodigo,Dedra L', 221999, 'Mason,Angie', 200631, 'Stevens,Judy', '6-2,6-0', 'Home'), (44391822, 443918, 'doubles', 2, 217155, 'Caietti,Naomi R', 200298, 'Shade,Mary', 8826, 'Grady,Debbie J', 222373, 'Willyard,Kathryn', '6-0,6-1', 'Home'), (44391823, 443918, 'doubles', 3, 196590, 'Thorson,Tami R', 146939, 'Oliva,Irenessa', 199561, 'Buck,Colleen M', 215415, 'Ferras,Gisele', '6-2,6-0', 'Home'), (44419611, 444196, 'singles', 1, 128978, 'Kring,Lisa', null, '', 191849, 'Dunn,Veronica L', null, '', '6-1,6-1', 'Visitor'), (44419612, 444196, 'singles', 2, 221999, 'Mason,Angie', null, '', 139599, 'Wilson,Lyn T', null, '', '4-6,6-2,1-0', 'Visitor'), (44419621, 444196, 'doubles', 1, 215415, 'Ferras,Gisele', 24435, 'Miller,Linda R', 130640, 'Griffin,Paula B', 200298, 'Shade,Mary', '6-0,6-1', 'Visitor'), (44419622, 444196, 'doubles', 2, 199561, 'Buck,Colleen M', 142080, 'Raney,Cidnie C', 151129, 'Miller,Becky', 143681, 'Wu,Rhona', '6-1,6-3', 'Visitor'), (44419623, 444196, 'doubles', 3, 222373, 'Willyard,Kathryn', 200631, 'Stevens,Judy', 213181, 'Fransz,Ellen', 217155, 'Caietti,Naomi R', '6-0,6-1', 'Visitor'), (44310111, 443101, 'singles', 1, 214974, 'gillis,kate k', null, '', 223262, 'Filby,Helen', null, '', '6-3,6-1', 'Home'), (44310112, 443101, 'singles', 2, 219278, 'Grunnet-Jepsen,Helene', null, '', 165037, 'Gallo,Mary', null, '', '6-2,6-2', 'Visitor'), (44310121, 443101, 'doubles', 1, 138961, 'Fox,Lise F', 133937, 'Pittenger,Stacie', 137981, 'Wade,Rebecca L', 183521, 'Kerr,Karen', '6-3,2-6,1-0', 'Home'), (44310122, 443101, 'doubles', 2, 137236, 'Loebs,Colleen', 148774, 'Krishnamurthy,Raji', 128808, 'BLACK,SANDRA K', 78833, 'Swing,Joanne M', '7-5,6-0', 'Home'), (44310123, 443101, 'doubles', 3, 8750, 'Lumpkin,Melinda', 39017, 'Rincon,Geri', 217293, 'Liddle,Jane C', 135678, 'Bakke,Judy L', '6-1,7-6', 'Visitor'), (44392611, 443926, 'singles', 1, 223262, 'Filby,Helen', null, '', 113746, 'Avila,Lydia A', null, '', '6-4,6-3', 'Home'), (44392612, 443926, 'singles', 2, 217293, 'Liddle,Jane C', null, '', 185432, 'Parrish,Tirsa', null, '', '6-1,6-0', 'Home'), (44392621, 443926, 'doubles', 1, 121003, 'Delsignore,Claire', 130656, 'Quintero,Diane E', 139832, 'Rubnitz,Deborah', 145832, 'Robbins,Paige', '4-6,6-3,1-0', 'Visitor'), (44392622, 443926, 'doubles', 2, 145981, 'Latos,Nanette', 128808, 'BLACK,SANDRA K', 149956, 'Stephens,Christine', 76563, 'Cantu Hill,Renee', '6-2,6-3', 'Home'), (44392623, 443926, 'doubles', 3, 165037, 'Gallo,Mary', 183521, 'Kerr,Karen', 223550, 'Picone,Kimberley', 130842, 'Rothschild,Kerry', '6-2,6-3', 'Home'), (44612911, 446129, 'singles', 1, 223262, 'Filby,Helen', null, '', 219119, 'Cazares,Aida', null, '', '6-2,6-0', 'Home'), (44612912, 446129, 'singles', 2, 165037, 'Gallo,Mary', null, '', 137236, 'Loebs,Colleen', null, '', '6-3,6-2', 'Home'), (44612921, 446129, 'doubles', 1, 162027, 'Asher,Essie A', 192934, 'Tharp,Lori', 138961, 'Fox,Lise F', 133937, 'Pittenger,Stacie', '6-3,6-7,1-0', 'Home'), (44612922, 446129, 'doubles', 2, 121003, 'Delsignore,Claire', 137981, 'Wade,Rebecca L', 169871, 'Freeman,Laura', 200977, 'Schilling,Julie', '6-1,7-5', 'Visitor'), (44612923, 446129, 'doubles', 3, 205414, 'Potts,Amy L', 214466, 'Jensen,Karen', 8750, 'Lumpkin,Melinda', 148774, 'Krishnamurthy,Raji', '6-1,6-4', 'Home'), (44639811, 446398, 'singles', 1, 155848, 'Freiman,Susan', null, '', 130656, 'Quintero,Diane E', null, '', '2-6,6-1,1-0', 'Visitor'), (44639812, 446398, 'singles', 2, 164208, 'Little,Heather S', null, '', 142212, 'MacLean,Marybeth', null, '', '6-4,6-1', 'Home'), (44639821, 446398, 'doubles', 1, 113746, 'Avila,Lydia A', 139832, 'Rubnitz,Deborah', 183521, 'Kerr,Karen', 137981, 'Wade,Rebecca L', '6-1,6-4', 'Home'), (44639822, 446398, 'doubles', 2, 135104, 'Harley,Sherry S', 145559, 'DeMuro,Jennifer', 162027, 'Asher,Essie A', 192934, 'Tharp,Lori', '7-5,3-6,1-0', 'Home'), (44639823, 446398, 'doubles', 3, 76563, 'Cantu Hill,Renee', 149956, 'Stephens,Christine', 154269, 'Griscom,Elinor', 214466, 'Jensen,Karen', '6-4,6-0', 'Home'), (44171611, 441716, 'singles', 1, 191262, 'Yue,Lin', null, '', 202693, 'Staley,Jocelynn', null, '', '6-3,6-3', 'Home'), (44171612, 441716, 'singles', 2, 191262, 'Yue,Lin', null, '', 229487, 'Darke,Caitlin A', null, '', '6-0,6-0', 'Visitor'), (44171621, 441716, 'doubles', 1, 199712, 'Callahan,Joanne', 189252, 'Jones,Katie', 187359, 'Reed,Sharon L', 57874, 'Murphy-Chutorian,Leslie', '6-3,6-1', 'Visitor'), (44171622, 441716, 'doubles', 2, 217543, 'Lam,Helen', 199675, 'Carter,Kathy K', 129769, 'Narasin,Alexandra', 10882, 'Donohoe-ciotek,Lani M', '6-3,6-1', 'Home'), (44171623, 441716, 'doubles', 3, 140902, 'Braade,Marlies C', 164628, 'Kim,Bonnie', 146890, 'Sinclair,Erin', 164282, 'Burke,Kelly', '6-4,2-6,1-0', 'Home'), (44199311, 441993, 'singles', 1, 229487, 'Darke,Caitlin A', null, '', 74403, 'Pearlman,Anne', null, '', '6-1,6-0', 'Visitor'), (44199312, 441993, 'singles', 2, 64280, 'Burns,Kathryn', null, '', 147652, 'Danek,Katerina P', null, '', '6-2,6-1', 'Visitor'), (44199321, 441993, 'doubles', 1, 57874, 'Murphy-Chutorian,Leslie', 50167, 'Juelsgaard,Vicki l', 196451, 'Green,Heather', 200212, 'Lunk,Cynthia', '7-5,7-6', 'Home'), (44199322, 441993, 'doubles', 2, 192581, 'Mcquillan,Deirdre', 137340, 'Bellack,Mary', 165614, 'Eschenbach,Ana', 189218, 'Mihanovic,Judy K', '6-2,6-2', 'Visitor'), (44199323, 441993, 'doubles', 3, 129769, 'Narasin,Alexandra', 130923, 'Wyatt,Gretchen H', 110588, 'Haig,Grace', 165677, 'Dinsmore,Denise', '7-6,6-4', 'Visitor'), (44282111, 442821, 'singles', 1, 209494, 'Padilla,Maria', null, '', 202693, 'Staley,Jocelynn', null, '', '6-4,6-2', 'Home'), (44282112, 442821, 'singles', 2, 227153, 'Makris,Holly', null, '', 160512, 'Zappula,Michele', null, '', '6-4,6-3', 'Home'), (44282121, 442821, 'doubles', 1, 63001, 'Mcwalter,Wendy E', 76907, 'Satake Ryu,Julie A', 57874, 'Murphy-Chutorian,Leslie', 187359, 'Reed,Sharon L', '1-6,6-1,1-0', 'Home'), (44282122, 442821, 'doubles', 2, 208471, 'Akina,Donna', 131193, 'Malecek,Wendy W', 192581, 'Mcquillan,Deirdre', 42716, 'Karle,Brigit', '6-3,6-3', 'Home'), (44282123, 442821, 'doubles', 3, 90590, 'Armstrong,Rita G', 103837, 'Stern,Vicki L', 179677, 'O''Flanagan,Maisie K', 164282, 'Burke,Kelly', '7-6,6-1', 'Visitor'), (44309811, 443098, 'singles', 1, 229487, 'Darke,Caitlin A', null, '', 176144, 'Han,Gloria S', null, '', '6-3,6-4', 'Visitor'), (44309812, 443098, 'singles', 2, 179677, 'O''Flanagan,Maisie K', null, '', 203405, 'Cilia,Daniela', null, '', '6-1,6-1', 'Visitor'), (44309821, 443098, 'doubles', 1, 10882, 'Donohoe-ciotek,Lani M', 146890, 'Sinclair,Erin', 176145, 'Anderson,Pam', 192758, 'Segura,Teresa', '6-2,6-3', 'Visitor'), (44309822, 443098, 'doubles', 2, 129769, 'Narasin,Alexandra', 165135, 'Gursky,Adele R', 189252, 'Jones,Katie', 179715, 'Robinson,Missy M', '6-4,6-4', 'Home'), (44309823, 443098, 'doubles', 3, 130923, 'Wyatt,Gretchen H', 164282, 'Burke,Kelly', 189048, 'Baxter,Eleni', 199675, 'Carter,Kathy K', '6-1,7-5', 'Home'), (44391711, 443917, 'singles', 1, 74403, 'Pearlman,Anne', null, '', 229487, 'Darke,Caitlin A', null, '', '6-1,6-4', 'Home'), (44391712, 443917, 'singles', 2, 201936, 'Miyajima,Aiko', null, '', 212826, 'Meeks,Meredith', null, '', '6-1,6-0', 'Home'), (44391721, 443917, 'doubles', 1, 92542, 'Williams,Karen M', 171527, 'Gold,Silvana', 57874, 'Murphy-Chutorian,Leslie', 187359, 'Reed,Sharon L', '6-2,6-2', 'Home'), (44391722, 443917, 'doubles', 2, 196451, 'Green,Heather', 165677, 'Dinsmore,Denise', 130923, 'Wyatt,Gretchen H', 42716, 'Karle,Brigit', '6-4,6-1', 'Home'), (44391723, 443917, 'doubles', 3, 110588, 'Haig,Grace', 165431, 'Yip,Jenny Y', 179677, 'O''Flanagan,Maisie K', 164282, 'Burke,Kelly', '6-4,6-2', 'Visitor'), (44420011, 444200, 'singles', 1, 212826, 'Meeks,Meredith', null, '', 209494, 'Padilla,Maria', null, '', '6-2,6-1', 'Visitor'), (44420012, 444200, 'singles', 2, 179677, 'O''Flanagan,Maisie K', null, '', 129089, 'Royse,Patricia', null, '', '6-2,6-2', 'Visitor'), (44420021, 444200, 'doubles', 1, 137340, 'Bellack,Mary', 42716, 'Karle,Brigit', 63001, 'Mcwalter,Wendy E', 165642, 'Lin- Murphy,Helen', '6-1,6-3', 'Visitor'), (44420022, 444200, 'doubles', 2, 129769, 'Narasin,Alexandra', 64280, 'Burns,Kathryn', 131193, 'Malecek,Wendy W', 156063, 'Clifford,Amy', '6-1,7-5', 'Visitor'), (44420023, 444200, 'doubles', 3, 129216, 'Allen,Jennifer', 75243, 'Kubal,Patricia', 106446, 'McMahon,Mary Sheila', 90590, 'Armstrong,Rita G', '5-7,6-4,1-0', 'Home'), (44502311, 445023, 'singles', 1, 191262, 'Yue,Lin', null, '', 47454, 'Whelan,Gail A', null, '', '7-6,4-6,1-0', 'Home'), (44502312, 445023, 'singles', 2, 203405, 'Cilia,Daniela', null, '', 165135, 'Gursky,Adele R', null, '', '6-3,6-1', 'Home'), (44502321, 445023, 'doubles', 1, 199712, 'Callahan,Joanne', 199905, 'Katsara,Evgenia', 57874, 'Murphy-Chutorian,Leslie', 187359, 'Reed,Sharon L', '7-6,6-4', 'Home'), (44502322, 445023, 'doubles', 2, 140902, 'Braade,Marlies C', 176144, 'Han,Gloria S', 129216, 'Allen,Jennifer', 50167, 'Juelsgaard,Vicki l', '6-1,6-1', 'Home'), (44502323, 445023, 'doubles', 3, 164628, 'Kim,Bonnie', 179715, 'Robinson,Missy M', 164282, 'Burke,Kelly', 229487, 'Darke,Caitlin A', '6-4,6-1', 'Visitor'), (44530511, 445305, 'singles', 1, 74403, 'Pearlman,Anne', null, '', 229487, 'Darke,Caitlin A', null, '', '6-3,6-2', 'Home'), (44530512, 445305, 'singles', 2, 74403, 'Pearlman,Anne', null, '', 202693, 'Staley,Jocelynn', null, '', '6-0,6-0', 'Visitor'), (44530521, 445305, 'doubles', 1, 165614, 'Eschenbach,Ana', 196451, 'Green,Heather', 187359, 'Reed,Sharon L', 137340, 'Bellack,Mary', '6-4,6-3', 'Home'), (44530522, 445305, 'doubles', 2, 165677, 'Dinsmore,Denise', 147428, 'Topper,May', 179677, 'O''Flanagan,Maisie K', 50167, 'Juelsgaard,Vicki l', '7-5,6-7,1-0', 'Visitor'), (44530523, 445305, 'doubles', 3, 189187, 'Scott,Leyla', 171527, 'Gold,Silvana', 42716, 'Karle,Brigit', 57874, 'Murphy-Chutorian,Leslie', '6-4,6-0', 'Home'), (44612811, 446128, 'singles', 1, 47454, 'Whelan,Gail A', null, '', 209494, 'Padilla,Maria', null, '', '6-0,6-1', 'Visitor'), (44612812, 446128, 'singles', 2, 229487, 'Darke,Caitlin A', null, '', 157384, 'Grant,Akosua', null, '', '6-1,6-1', 'Home'), (44612821, 446128, 'doubles', 1, 164282, 'Burke,Kelly', 50167, 'Juelsgaard,Vicki l', 219053, 'Yagyu,Junko', 103837, 'Stern,Vicki L', '7-6,5-7,1-0', 'Visitor'), (44612822, 446128, 'doubles', 2, 129769, 'Narasin,Alexandra', 130923, 'Wyatt,Gretchen H', 156063, 'Clifford,Amy', 122943, 'Maliksi,Rocelle R', '6-3,4-6,1-0', 'Home'), (44612823, 446128, 'doubles', 3, 179677, 'O''Flanagan,Maisie K', 10882, 'Donohoe-ciotek,Lani M', 208471, 'Akina,Donna', 170099, 'Stangenes,Ina', '6-4,5-7,1-0', 'Visitor'), (44722311, 447223, 'singles', 1, 83134, 'Sweeney,Lisa W', null, '', 203405, 'Cilia,Daniela', null, '', '7-5,7-5', 'Home'), (44722312, 447223, 'singles', 2, 47454, 'Whelan,Gail A', null, '', 189048, 'Baxter,Eleni', null, '', '6-2,6-2', 'Home'), (44722321, 447223, 'doubles', 1, 129769, 'Narasin,Alexandra', 165135, 'Gursky,Adele R', 217543, 'Lam,Helen', 199675, 'Carter,Kathy K', '6-3,6-0', 'Visitor'), (44722322, 447223, 'doubles', 2, 164282, 'Burke,Kelly', 129216, 'Allen,Jennifer', 176145, 'Anderson,Pam', 179715, 'Robinson,Missy M', '6-7,6-3,1-0', 'Visitor'), (44722323, 447223, 'doubles', 3, 130923, 'Wyatt,Gretchen H', 166731, 'Abbo,Alison', 176144, 'Han,Gloria S', 140902, 'Braade,Marlies C', '6-2,4-6,1-0', 'Visitor'), (44281811, 442818, 'singles', 1, 188872, 'Occhipinti,Nena', null, '', 214974, 'gillis,kate k', null, '', '7-6,6-1', 'Visitor'), (44281812, 442818, 'singles', 2, 113746, 'Avila,Lydia A', null, '', 219119, 'Cazares,Aida', null, '', '6-0,6-0', 'Home'), (44281821, 442818, 'doubles', 1, 145832, 'Robbins,Paige', 139832, 'Rubnitz,Deborah', 137236, 'Loebs,Colleen', 219278, 'Grunnet-Jepsen,Helene', '6-3,6-1', 'Home'), (44281822, 442818, 'doubles', 2, 106496, 'Gibbens,Roxanne', 145559, 'DeMuro,Jennifer', 148774, 'Krishnamurthy,Raji', 105710, 'Motamedi,Cindy M', '6-0,6-4', 'Home'), (44281823, 442818, 'doubles', 3, 147521, 'Klingler,Elizabeth', 106106, 'Peake,Leilia', 122943, 'Maliksi,Rocelle R', 39017, 'Rincon,Geri', '6-2,6-4', 'Home'), (44530411, 445304, 'singles', 1, 214974, 'gillis,kate k', null, '', 185432, 'Parrish,Tirsa', null, '', '6-3,6-0', 'Home'), (44530412, 445304, 'singles', 2, 169871, 'Freeman,Laura', null, '', 76563, 'Cantu Hill,Renee', null, '', '6-1,6-0', 'Visitor'), (44530421, 445304, 'doubles', 1, 138961, 'Fox,Lise F', 133937, 'Pittenger,Stacie', 106106, 'Peake,Leilia', 147521, 'Klingler,Elizabeth', '6-7,6-4,1-0', 'Home'), (44530422, 445304, 'doubles', 2, 147095, 'Brown,Kelley C', 200977, 'Schilling,Julie', 130842, 'Rothschild,Kerry', 90254, 'Baden,Ginger', '6-0,7-6', 'Visitor'), (44530423, 445304, 'doubles', 3, 219119, 'Cazares,Aida', 39017, 'Rincon,Geri', 146189, 'Wookey,Tracey', 139832, 'Rubnitz,Deborah', '6-0,6-2', 'Visitor'), (44720111, 447201, 'singles', 1, 137236, 'Loebs,Colleen', null, '', 76563, 'Cantu Hill,Renee', null, '', '6-2,6-3', 'Home'), (44720112, 447201, 'singles', 2, 219119, 'Cazares,Aida', null, '', 113746, 'Avila,Lydia A', null, '', '6-0,6-0', 'Visitor'), (44720121, 447201, 'doubles', 1, 214974, 'gillis,kate k', 62620, 'Ha,Bianconi', 145832, 'Robbins,Paige', 139832, 'Rubnitz,Deborah', '6-2,4-6,1-0', 'Visitor'), (44720122, 447201, 'doubles', 2, 147095, 'Brown,Kelley C', 169871, 'Freeman,Laura', 106106, 'Peake,Leilia', 145559, 'DeMuro,Jennifer', '6-3,3-6,1-0', 'Home'), (44720123, 447201, 'doubles', 3, 8750, 'Lumpkin,Melinda', 219278, 'Grunnet-Jepsen,Helene', 155848, 'Freiman,Susan', 146189, 'Wookey,Tracey', '6-2,3-6,1-0', 'Visitor'), (45309011, 453090, 'singles', 1, 188872, 'Occhipinti,Nena', null, '', 219119, 'Cazares,Aida', null, '', '6-1,6-0', 'Home'), (45309012, 453090, 'singles', 2, 164208, 'Little,Heather S', null, '', 219119, 'Cazares,Aida', null, '', '6-0,6-0', 'Home'), (45309021, 453090, 'doubles', 1, 145832, 'Robbins,Paige', 113746, 'Avila,Lydia A', 138961, 'Fox,Lise F', 133937, 'Pittenger,Stacie', '6-3,6-0', 'Home'), (45309022, 453090, 'doubles', 2, 145559, 'DeMuro,Jennifer', 130842, 'Rothschild,Kerry', 137236, 'Loebs,Colleen', 148774, 'Krishnamurthy,Raji', '7-6,6-2', 'Home'), (45309023, 453090, 'doubles', 3, 135104, 'Harley,Sherry S', 106496, 'Gibbens,Roxanne', 137752, 'Schmidlin,Linda J', 39017, 'Rincon,Geri', '6-1,6-2', 'Home'), (44281711, 442817, 'singles', 1, 172402, 'Blom,Nancy', null, '', 185467, 'Loetz,Heather', null, '', '6-4,6-3', 'Home'), (44281712, 442817, 'singles', 2, 213172, 'McGregor-Crane,Izzie', null, '', 177686, 'Playford,Justine', null, '', '3-6,7-5,1-0', 'Visitor'), (44281721, 442817, 'doubles', 1, 226009, 'Koo,Shin H', 225980, 'Huang,Stacey', 157504, 'Harkness,Christine', 117876, 'Deornellas,Lori A', '6-1,6-4', 'Home'), (44281722, 442817, 'doubles', 2, 186929, 'Copenhagen,Shawn L', 176854, 'Cring,Nicole', 202132, 'Miller,Christine', 147397, 'Greene,Karen', '6-7,7-6,1-0', 'Visitor'), (44281723, 442817, 'doubles', 3, 155608, 'Powers,Patricia M', 146311, 'Warford,Kimberly', 142580, 'Barnes,Kimberley L', 155878, 'Alford,Arlie A', '4-6,6-4,1-0', 'Visitor'), (44420211, 444202, 'singles', 1, 184674, 'Shay,Nicole L', null, '', 213172, 'McGregor-Crane,Izzie', null, '', '6-1,7-5', 'Home'), (44420212, 444202, 'singles', 2, 191471, 'Mukherjee,Puja', null, '', 137402, 'Scott,Hazel J', null, '', '6-1,6-0', 'Home'), (44420221, 444202, 'doubles', 1, 147925, 'Stapleton,Marie A', 156606, 'Kang,Patricia J', 225980, 'Huang,Stacey', 226009, 'Koo,Shin H', '5-7,6-1,1-0', 'Visitor'), (44420222, 444202, 'doubles', 2, 208771, 'Greenaway,Dawn', 145693, 'Coke,Shirley A', 176854, 'Cring,Nicole', 184144, 'Soleta,Debbie P', '7-5,3-6,1-0', 'Visitor'), (44420223, 444202, 'doubles', 3, 225545, 'Arante,Anna', 8750, 'Lumpkin,Melinda', 146311, 'Warford,Kimberly', 171112, 'Baldwin,Sheri A', '5-7,6-1,1-0', 'Home'), (44502411, 445024, 'singles', 1, 157901, 'Seuis,Maggie L', null, '', 177483, 'Dumanski,Joanne', null, '', '6-2,6-4', 'Visitor'), (44502412, 445024, 'singles', 2, 213172, 'McGregor-Crane,Izzie', null, '', 148171, 'Wilson,Janice', null, '', '7-5,6-0', 'Home'), (44502421, 445024, 'doubles', 1, 225980, 'Huang,Stacey', 226009, 'Koo,Shin H', 113552, 'Heggelund,Cheryl', 104009, 'Wente,Julie A', '6-2,6-1', 'Home'), (44502422, 445024, 'doubles', 2, 146379, 'Cason,Kate', 155653, 'Althoff,Cathy W', 14984, 'Hill,Carole L', 154391, 'Austin,Lucia', '6-0,6-0', 'Home'), (44502423, 445024, 'doubles', 3, 186929, 'Copenhagen,Shawn L', 176854, 'Cring,Nicole', 178120, 'Brace,Karen', 177688, 'Kennedy,Julia C', '6-0,6-0', 'Home'), (44640011, 446400, 'singles', 1, 201237, 'Nelson,Kareen L', null, '', 172402, 'Blom,Nancy', null, '', '7-6,6-3', 'Visitor'), (44640012, 446400, 'singles', 2, 177686, 'Playford,Justine', null, '', 172402, 'Blom,Nancy', null, '', '6-0,6-0', 'Home'), (44640021, 446400, 'doubles', 1, 157504, 'Harkness,Christine', 78890, 'Buchberger,Shelley D', 225980, 'Huang,Stacey', 226009, 'Koo,Shin H', '6-3,6-7,1-0', 'Visitor'), (44640022, 446400, 'doubles', 2, 117876, 'Deornellas,Lori A', 147570, 'Weiss,Robyn D', 186929, 'Copenhagen,Shawn L', 184144, 'Soleta,Debbie P', '6-3,6-1', 'Visitor'), (44640023, 446400, 'doubles', 3, 12297, 'Sue,Gloria', 115503, 'Rognon,Allene', 171112, 'Baldwin,Sheri A', 171756, 'St John,Debra', '6-0,6-2', 'Home'), (44171411, 441714, 'singles', 1, 184674, 'Shay,Nicole L', null, '', 147570, 'Weiss,Robyn D', null, '', '6-3,6-1', 'Home'), (44171412, 441714, 'singles', 2, 225545, 'Arante,Anna', null, '', 201237, 'Nelson,Kareen L', null, '', '6-2,6-3', 'Home'), (44171421, 441714, 'doubles', 1, 101255, 'Klosky,Debbie A', 27398, 'Saunders,Nancy', 78890, 'Buchberger,Shelley D', 157504, 'Harkness,Christine', '7-5,6-2', 'Visitor'), (44171422, 441714, 'doubles', 2, 177035, 'Pakin,Dawn R', 164089, 'Haller,Laura K', 177686, 'Playford,Justine', 12297, 'Sue,Gloria', '6-4,6-2', 'Visitor'), (44171423, 441714, 'doubles', 3, 146362, 'Kirschenheuter,Cheri C', 165168, 'Reicher,Wendy', 177008, 'Haase,Karen', 202281, 'Hudak,Michelle', '7-5,6-4', 'Home'), (44199911, 441999, 'singles', 1, 147570, 'Weiss,Robyn D', null, '', 90154, 'Knuppe,Kathryn R', null, '', '3-6,6-1,1-0', 'Home'), (44199912, 441999, 'singles', 2, 124804, 'Stites,Sandra G', null, '', 178128, 'Comerford,Carolyn', null, '', '7-5,7-5', 'Visitor'), (44199921, 441999, 'doubles', 1, 12297, 'Sue,Gloria', 147397, 'Greene,Karen', 104009, 'Wente,Julie A', 71115, 'Boswell,Elizabeth', '6-3,4-6,1-0', 'Visitor'), (44199922, 441999, 'doubles', 2, 160457, 'Theriault,Judy M', 202132, 'Miller,Christine', 154391, 'Austin,Lucia', 77154, 'Scarpelli,Janet L', '6-3,6-4', 'Home'), (44199923, 441999, 'doubles', 3, 117876, 'Deornellas,Lori A', 132751, 'Turner,Cindy', 177483, 'Dumanski,Joanne', 148171, 'Wilson,Janice', '7-5,2-6,1-0', 'Visitor'), (44530311, 445303, 'singles', 1, 201237, 'Nelson,Kareen L', null, '', 141363, 'Abdenova,Gulmira', null, '', '6-2,3-6,1-0', 'Home'), (44530312, 445303, 'singles', 2, 142580, 'Barnes,Kimberley L', null, '', 101255, 'Klosky,Debbie A', null, '', '6-1,6-3', 'Visitor'), (44530321, 445303, 'doubles', 1, 78890, 'Buchberger,Shelley D', 157504, 'Harkness,Christine', 187033, 'Carey,Sarah', 209309, 'Alvarado-Zheng,Wendy', '6-4,7-5', 'Visitor'), (44530322, 445303, 'doubles', 2, 160457, 'Theriault,Judy M', 202132, 'Miller,Christine', 177135, 'Dublin,Marci K', 120992, 'Pullen,Jeannie', '6-3,6-4', 'Home'), (44530323, 445303, 'doubles', 3, 117876, 'Deornellas,Lori A', 147397, 'Greene,Karen', 156606, 'Kang,Patricia J', 184376, 'Krishna,Reshma', '6-2,6-1', 'Visitor'), (44612611, 446126, 'singles', 1, 178128, 'Comerford,Carolyn', null, '', 132751, 'Turner,Cindy', null, '', '6-2,6-0', 'Visitor'), (44612612, 446126, 'singles', 2, 178120, 'Brace,Karen', null, '', 201237, 'Nelson,Kareen L', null, '', '6-1,6-1', 'Visitor'), (44612621, 446126, 'doubles', 1, 227524, 'Baer,Jill', 71115, 'Boswell,Elizabeth', 177686, 'Playford,Justine', 115503, 'Rognon,Allene', '6-7,6-4,1-0', 'Visitor'), (44612622, 446126, 'doubles', 2, 120751, 'Paull,Diane', 147422, 'Seo,Sara', 202132, 'Miller,Christine', 160457, 'Theriault,Judy M', '6-1,6-1', 'Visitor'), (44612623, 446126, 'doubles', 3, 177483, 'Dumanski,Joanne', 148171, 'Wilson,Janice', 12297, 'Sue,Gloria', 202281, 'Hudak,Michelle', '4-6,6-3,1-0', 'Home'), (45309511, 453095, 'singles', 1, 191471, 'Mukherjee,Puja', null, '', 142580, 'Barnes,Kimberley L', null, '', '6-0,6-1', 'Home'), (45309512, 453095, 'singles', 2, 101255, 'Klosky,Debbie A', null, '', 185467, 'Loetz,Heather', null, '', '6-2,4-6,1-0', 'Home'), (45309521, 453095, 'doubles', 1, 177135, 'Dublin,Marci K', 202933, 'Mukherjee,Valerie', 157504, 'Harkness,Christine', 147397, 'Greene,Karen', '2-6,6-4,1-0', 'Visitor'), (45309522, 453095, 'doubles', 2, 8750, 'Lumpkin,Melinda', 156606, 'Kang,Patricia J', 12297, 'Sue,Gloria', 132751, 'Turner,Cindy', '6-2,6-2', 'Home'), (45309523, 453095, 'doubles', 3, 187033, 'Carey,Sarah', 209309, 'Alvarado-Zheng,Wendy', 201237, 'Nelson,Kareen L', 147570, 'Weiss,Robyn D', '6-4,6-3', 'Home'), (44171511, 441715, 'singles', 1, 196451, 'Green,Heather', null, '', 209494, 'Padilla,Maria', null, '', '4-6,6-0,1-0', 'Visitor'), (44171512, 441715, 'singles', 2, 147652, 'Danek,Katerina P', null, '', 208471, 'Akina,Donna', null, '', '6-4,6-1', 'Home'), (44171521, 441715, 'doubles', 1, 90008, 'Sullivan,Terry', 74403, 'Pearlman,Anne', 40856, 'Shaffer,Lori A', 103837, 'Stern,Vicki L', '6-2,6-1', 'Home'), (44171522, 441715, 'doubles', 2, 193785, 'Gazen,Ellen', 171527, 'Gold,Silvana', 76907, 'Satake Ryu,Julie A', 13848, 'Matsumoto,Fay', '6-1,6-4', 'Home'), (44171523, 441715, 'doubles', 3, 189187, 'Scott,Leyla', 200212, 'Lunk,Cynthia', 157384, 'Grant,Akosua', 131193, 'Malecek,Wendy W', '6-1,6-2', 'Home'), (44199711, 441997, 'singles', 1, 227153, 'Makris,Holly', null, '', 203405, 'Cilia,Daniela', null, '', '7-5,6-2', 'Home'), (44199712, 441997, 'singles', 2, 157384, 'Grant,Akosua', null, '', 192758, 'Segura,Teresa', null, '', '6-2,6-0', 'Visitor'), (44199721, 441997, 'doubles', 1, 208471, 'Akina,Donna', 209494, 'Padilla,Maria', 199905, 'Katsara,Evgenia', 199983, 'jones,caroline', '6-3,6-4', 'Visitor'), (44199722, 441997, 'doubles', 2, 219053, 'Yagyu,Junko', 170099, 'Stangenes,Ina', 140902, 'Braade,Marlies C', 176144, 'Han,Gloria S', '6-1,6-3', 'Visitor'), (44199723, 441997, 'doubles', 3, 106446, 'McMahon,Mary Sheila', 40856, 'Shaffer,Lori A', 199675, 'Carter,Kathy K', 176199, 'Blackburn,Deana', '2-6,6-4,1-0', 'Visitor'), (44309711, 443097, 'singles', 1, 209494, 'Padilla,Maria', null, '', 165431, 'Yip,Jenny Y', null, '', '6-2,6-3', 'Home'), (44309712, 443097, 'singles', 2, 227153, 'Makris,Holly', null, '', 189218, 'Mihanovic,Judy K', null, '', '5-4', 'Visitor'), (44309721, 443097, 'doubles', 1, 165642, 'Lin- Murphy,Helen', 129089, 'Royse,Patricia', 74403, 'Pearlman,Anne', 90008, 'Sullivan,Terry', '5-7,6-4,1-0', 'Visitor'), (44309722, 443097, 'doubles', 2, 208471, 'Akina,Donna', 96578, 'Zhang,Barbara', 193785, 'Gazen,Ellen', 171527, 'Gold,Silvana', '6-2,6-2', 'Visitor'), (44309723, 443097, 'doubles', 3, 63001, 'Mcwalter,Wendy E', 76907, 'Satake Ryu,Julie A', 177017, 'Michaels,Gretchen', 147428, 'Topper,May', '6-3,6-4', 'Home'), (44392011, 443920, 'singles', 1, 191262, 'Yue,Lin', null, '', 209494, 'Padilla,Maria', null, '', '6-3,7-5', 'Visitor'), (44392012, 443920, 'singles', 2, 192758, 'Segura,Teresa', null, '', 157384, 'Grant,Akosua', null, '', '6-4', 'Visitor'), (44392021, 443920, 'doubles', 1, 176145, 'Anderson,Pam', 199905, 'Katsara,Evgenia', 76907, 'Satake Ryu,Julie A', 63001, 'Mcwalter,Wendy E', '6-4,6-7,1-0', 'Visitor'), (44392022, 443920, 'doubles', 2, 189048, 'Baxter,Eleni', 199983, 'jones,caroline', 165642, 'Lin- Murphy,Helen', 219053, 'Yagyu,Junko', '1-0', 'Home'), (44392023, 443920, 'doubles', 3, 176199, 'Blackburn,Deana', 164628, 'Kim,Bonnie', 208471, 'Akina,Donna', 170099, 'Stangenes,Ina', '7-5,6-3', 'Visitor'), (44501911, 445019, 'singles', 1, 74403, 'Pearlman,Anne', null, '', 209494, 'Padilla,Maria', null, '', '6-0,7-5', 'Visitor'), (44501912, 445019, 'singles', 2, 189187, 'Scott,Leyla', null, '', 157384, 'Grant,Akosua', null, '', '6-1,6-2', 'Home'), (44501921, 445019, 'doubles', 1, 193785, 'Gazen,Ellen', 171527, 'Gold,Silvana', 165642, 'Lin- Murphy,Helen', 129089, 'Royse,Patricia', '6-4,4-6,1-0', 'Visitor'), (44501922, 445019, 'doubles', 2, 189218, 'Mihanovic,Judy K', 196451, 'Green,Heather', 131193, 'Malecek,Wendy W', 63001, 'Mcwalter,Wendy E', '6-3,6-3', 'Home'), (44501923, 445019, 'doubles', 3, 160352, 'Pamatmat,Annarose', 110588, 'Haig,Grace', 40856, 'Shaffer,Lori A', 96578, 'Zhang,Barbara', '6-2,6-3', 'Home'), (44529811, 445298, 'singles', 1, 227153, 'Makris,Holly', null, '', 176144, 'Han,Gloria S', null, '', '6-4,6-2', 'Home'), (44529812, 445298, 'singles', 2, 208471, 'Akina,Donna', null, '', 189048, 'Baxter,Eleni', null, '', '6-4,6-0', 'Visitor'), (44529821, 445298, 'doubles', 1, 96578, 'Zhang,Barbara', 129089, 'Royse,Patricia', 199983, 'jones,caroline', 199675, 'Carter,Kathy K', '6-3,3-6,1-0', 'Visitor'), (44529822, 445298, 'doubles', 2, 156063, 'Clifford,Amy', 122943, 'Maliksi,Rocelle R', 176199, 'Blackburn,Deana', 189252, 'Jones,Katie', '6-2,6-3', 'Home'), (44529823, 445298, 'doubles', 3, 40856, 'Shaffer,Lori A', 170099, 'Stangenes,Ina', 199712, 'Callahan,Joanne', 34424, 'Fisher,Lynn', '4-6,6-2,1-0', 'Visitor'), (44722211, 447222, 'singles', 1, 209494, 'Padilla,Maria', null, '', 147652, 'Danek,Katerina P', null, '', '6-0,6-1', 'Home'), (44722212, 447222, 'singles', 2, 227153, 'Makris,Holly', null, '', 193785, 'Gazen,Ellen', null, '', '6-3,4-6,1-0', 'Home'), (44722221, 447222, 'doubles', 1, 165642, 'Lin- Murphy,Helen', 129089, 'Royse,Patricia', 160352, 'Pamatmat,Annarose', 110588, 'Haig,Grace', '6-3,6-3', 'Visitor'), (44722222, 447222, 'doubles', 2, 96578, 'Zhang,Barbara', 103837, 'Stern,Vicki L', 196451, 'Green,Heather', 189218, 'Mihanovic,Judy K', '6-3,6-1', 'Visitor'), (44722223, 447222, 'doubles', 3, 208471, 'Akina,Donna', 76907, 'Satake Ryu,Julie A', 171527, 'Gold,Silvana', 70985, 'Cao,Dongmei', '6-2,6-2', 'Visitor'), (44392211, 443922, 'singles', 1, 105292, 'Sage,Suzanne', null, '', 184674, 'Shay,Nicole L', null, '', '6-4,6-2', 'Visitor'), (44392212, 443922, 'singles', 2, 120751, 'Paull,Diane', null, '', 209309, 'Alvarado-Zheng,Wendy', null, '', '6-1,6-0', 'Visitor'), (44392221, 443922, 'doubles', 1, 147422, 'Seo,Sara', 71115, 'Boswell,Elizabeth', 141363, 'Abdenova,Gulmira', 170286, 'Ahuja,Kristina', '6-2,6-0', 'Visitor'), (44392222, 443922, 'doubles', 2, 133887, 'Bell,Brier', 227524, 'Baer,Jill', 177135, 'Dublin,Marci K', 202933, 'Mukherjee,Valerie', '6-1,6-2', 'Visitor'), (44392223, 443922, 'doubles', 3, 177483, 'Dumanski,Joanne', 148171, 'Wilson,Janice', 145693, 'Coke,Shirley A', 27398, 'Saunders,Nancy', '7-6,3-6,1-0', 'Home'), (44709811, 447098, 'singles', 1, 191471, 'Mukherjee,Puja', null, '', 177483, 'Dumanski,Joanne', null, '', '6-1,6-1', 'Home'), (44709812, 447098, 'singles', 2, 141363, 'Abdenova,Gulmira', null, '', 177483, 'Dumanski,Joanne', null, '', '6-0,6-0', 'Home'), (44709821, 447098, 'doubles', 1, 27398, 'Saunders,Nancy', 209309, 'Alvarado-Zheng,Wendy', 90154, 'Knuppe,Kathryn R', 120751, 'Paull,Diane', '6-3,6-7,1-0', 'Home'), (44709822, 447098, 'doubles', 2, 187033, 'Carey,Sarah', 8750, 'Lumpkin,Melinda', 148171, 'Wilson,Janice', 227524, 'Baer,Jill', '7-5,4-6,1-0', 'Home'), (44709823, 447098, 'doubles', 3, 101255, 'Klosky,Debbie A', 181370, 'Holmsten,Barbara', 208996, 'Salter,Diana M', 178120, 'Brace,Karen', '6-2,6-3', 'Home'), (44199511, 441995, 'singles', 1, 112996, 'Reilly,Mary J', null, '', 79103, 'Bloch,Anita', null, '', '7-6,7-5', 'Home'), (44199512, 441995, 'singles', 2, 146722, 'Nomura,Liz', null, '', 39712, 'Boyder,Anne', null, '', '6-3,6-3', 'Visitor'), (44199521, 441995, 'doubles', 1, 96814, 'Frazier,Denise', 184698, 'Brodhead,Devon', 184175, 'Motto,Jacalene M', 63390, 'Rabe,Anne', '6-2,6-3', 'Home'), (44199522, 441995, 'doubles', 2, 190889, 'LIgdis,Cathy', 97958, 'Balogh,Maureen M', 156828, 'Cate,Christie E', 165775, 'Kornguth,Linda', '7-5,6-3', 'Visitor'), (44199523, 441995, 'doubles', 3, 216147, 'Phan,Phuong', 103705, 'Nudel Snavely,Sonja', 142210, 'Garcia,Paula A', 114730, 'Engstrom,Lisa D', '6-4,6-3', 'Visitor'), (44282011, 442820, 'singles', 1, 105976, 'Bush,Mindy H', null, '', 96427, 'Zembsch,Kimberley', null, '', '6-2,6-3', 'Visitor'), (44282012, 442820, 'singles', 2, 225551, 'blatt,rachel', null, '', 189188, 'Tejada,Jennifer G', null, '', '6-1,6-4', 'Home'), (44282021, 442820, 'doubles', 1, 183832, 'Lovell,Allison G', 184175, 'Motto,Jacalene M', 89197, 'Cushing,Cheryl J', 154374, 'Keough,Katy', '6-4,6-0', 'Home'), (44282022, 442820, 'doubles', 2, 156828, 'Cate,Christie E', 164575, 'Derobles,Mary', 38996, 'Sponsler,Lucy', 129500, 'Wahed,Kathi', '7-5,4-6,1-0', 'Visitor'), (44282023, 442820, 'doubles', 3, 165775, 'Kornguth,Linda', 142210, 'Garcia,Paula A', 39186, 'Schlansky,Loretta', 178316, 'Williams,Rochelle L', '6-4,6-4', 'Visitor'), (44392111, 443921, 'singles', 1, 79103, 'Bloch,Anita', null, '', 184698, 'Brodhead,Devon', null, '', '6-4,6-2', 'Visitor'), (44392112, 443921, 'singles', 2, 142210, 'Garcia,Paula A', null, '', 216147, 'Phan,Phuong', null, '', '6-1,6-2', 'Home'), (44392121, 443921, 'doubles', 1, 156828, 'Cate,Christie E', 114730, 'Engstrom,Lisa D', 112996, 'Reilly,Mary J', 50031, 'Graham,Anne M', '6-4,7-6', 'Home'), (44392122, 443921, 'doubles', 2, 165775, 'Kornguth,Linda', 184175, 'Motto,Jacalene M', 97338, 'Lyon,Sue', 190889, 'LIgdis,Cathy', '6-3,6-0', 'Visitor'), (44392123, 443921, 'doubles', 3, 164575, 'Derobles,Mary', 42445, 'Robinson,Charlene L', 200287, 'izen,cathie i', 127468, 'Price,Tami S', '6-2,6-1', 'Home'), (44419811, 444198, 'singles', 1, 154374, 'Keough,Katy', null, '', 39712, 'Boyder,Anne', null, '', '6-4,7-6', 'Visitor'), (44419812, 444198, 'singles', 2, 188762, 'Remick Kline,Brooke', null, '', 79103, 'Bloch,Anita', null, '', '6-4,3-6,1-0', 'Visitor'), (44419821, 444198, 'doubles', 1, 196777, 'Galizia,Stefanie', 176102, 'Revelos,Laura', 42445, 'Robinson,Charlene L', 2403, 'Formanek,Janet E', '6-0,7-5', 'Home'), (44419822, 444198, 'doubles', 2, 39186, 'Schlansky,Loretta', 151675, 'Geary,Lisa', 63390, 'Rabe,Anne', 225551, 'blatt,rachel', '7-6,6-1', 'Home'), (44419823, 444198, 'doubles', 3, 153761, 'Barmmer,Stephanie C', 89197, 'Cushing,Cheryl J', 165775, 'Kornguth,Linda', 168293, 'Wilson,Grace', '7-6,7-6', 'Visitor'), (44530011, 445300, 'singles', 1, 146722, 'Nomura,Liz', null, '', 39712, 'Boyder,Anne', null, '', '7-5,6-3', 'Home'), (44530012, 445300, 'singles', 2, 216724, 'Ivankovich,Natalie', null, '', 165775, 'Kornguth,Linda', null, '', '6-4,6-4', 'Home'), (44530021, 445300, 'doubles', 1, 190889, 'LIgdis,Cathy', 96814, 'Frazier,Denise', 105976, 'Bush,Mindy H', 141501, 'Higgins,Sierra', '6-4,6-3', 'Visitor'), (44530022, 445300, 'doubles', 2, 216147, 'Phan,Phuong', 101285, 'Foley,Stephanie P', 156828, 'Cate,Christie E', 168293, 'Wilson,Grace', '6-3,6-1', 'Visitor'), (44530023, 445300, 'doubles', 3, 127468, 'Price,Tami S', 103705, 'Nudel Snavely,Sonja', 164575, 'Derobles,Mary', 63390, 'Rabe,Anne', '6-3,6-1', 'Visitor'), (44612511, 446125, 'singles', 1, 225551, 'blatt,rachel', null, '', 96427, 'Zembsch,Kimberley', null, '', '6-2,6-3', 'Visitor'), (44612512, 446125, 'singles', 2, 225551, 'blatt,rachel', null, '', 178316, 'Williams,Rochelle L', null, '', '6-0,6-0', 'Visitor'), (44612521, 446125, 'doubles', 1, 156828, 'Cate,Christie E', 37704, 'Salmon,Mariani', 158930, 'Parr,Susie', 138370, 'Foley,Meg', '7-6,3-6,1-0', 'Visitor'), (44612522, 446125, 'doubles', 2, 141501, 'Higgins,Sierra', 2403, 'Formanek,Janet E', 196777, 'Galizia,Stefanie', 151675, 'Geary,Lisa', '6-0,6-0', 'Visitor'), (44612523, 446125, 'doubles', 3, 164575, 'Derobles,Mary', 168293, 'Wilson,Grace', 38996, 'Sponsler,Lucy', 34355, 'Mcgee,Ann Marie', '6-3,7-5', 'Visitor'), (44730811, 447308, 'singles', 1, 39712, 'Boyder,Anne', null, '', 112996, 'Reilly,Mary J', null, '', '6-3,6-4', 'Visitor'), (44730812, 447308, 'singles', 2, null, '', null, '', null, '', null, '', 'Double Default', 'Double Default'), (44730821, 447308, 'doubles', 1, 184175, 'Motto,Jacalene M', 225551, 'blatt,rachel', 50031, 'Graham,Anne M', 139404, 'Kollmann,Chardi', '6-4,2-6,1-0', 'Visitor'), (44730822, 447308, 'doubles', 2, 164575, 'Derobles,Mary', 79103, 'Bloch,Anita', 146722, 'Nomura,Liz', 101285, 'Foley,Stephanie P', '6-3,6-3', 'Home'), (44730823, 447308, 'doubles', 3, 37704, 'Salmon,Mariani', 2403, 'Formanek,Janet E', 172272, 'Cooke,Michelle S', 97338, 'Lyon,Sue', '6-3,6-3', 'Home'), (44730911, 447309, 'singles', 1, 96427, 'Zembsch,Kimberley', null, '', 105976, 'Bush,Mindy H', null, '', '6-4,6-3', 'Home'), (44730912, 447309, 'singles', 2, 154374, 'Keough,Katy', null, '', 164575, 'Derobles,Mary', null, '', '6-3,3-6,1-0', 'Home'), (44730921, 447309, 'doubles', 1, 138370, 'Foley,Meg', 196777, 'Galizia,Stefanie', 114730, 'Engstrom,Lisa D', 141501, 'Higgins,Sierra', '6-1,6-1', 'Home'), (44730922, 447309, 'doubles', 2, 188762, 'Remick Kline,Brooke', 176102, 'Revelos,Laura', 37704, 'Salmon,Mariani', 63390, 'Rabe,Anne', '6-0,6-3', 'Home'), (44730923, 447309, 'doubles', 3, 34355, 'Mcgee,Ann Marie', 129500, 'Wahed,Kathi', 156828, 'Cate,Christie E', 2403, 'Formanek,Janet E', '6-4,6-3', 'Visitor'), (45309211, 453092, 'singles', 1, 96427, 'Zembsch,Kimberley', null, '', 39712, 'Boyder,Anne', null, '', '6-4,3-6,1-0', 'Home'), (45309212, 453092, 'singles', 2, 154374, 'Keough,Katy', null, '', 225551, 'blatt,rachel', null, '', '4-6,6-3,1-0', 'Home'), (45309221, 453092, 'doubles', 1, 148485, 'Huchingson,Ann', 138370, 'Foley,Meg', 42445, 'Robinson,Charlene L', 114730, 'Engstrom,Lisa D', '6-1,6-0', 'Home'), (45309222, 453092, 'doubles', 2, 34355, 'Mcgee,Ann Marie', 38996, 'Sponsler,Lucy', 105976, 'Bush,Mindy H', 164575, 'Derobles,Mary', '7-5,6-1', 'Visitor'), (45309223, 453092, 'doubles', 3, 153761, 'Barmmer,Stephanie C', 196777, 'Galizia,Stefanie', 37704, 'Salmon,Mariani', 168293, 'Wilson,Grace', '6-1,7-5', 'Home'), (44281611, 442816, 'singles', 1, 192758, 'Segura,Teresa', null, '', 74403, 'Pearlman,Anne', null, '', '6-1,6-2', 'Visitor'), (44281612, 442816, 'singles', 2, 203405, 'Cilia,Daniela', null, '', 147652, 'Danek,Katerina P', null, '', '6-1,6-1', 'Home'), (44281621, 442816, 'doubles', 1, 176145, 'Anderson,Pam', 199983, 'jones,caroline', 70985, 'Cao,Dongmei', 110588, 'Haig,Grace', '6-4,7-6', 'Visitor'), (44281622, 442816, 'doubles', 2, 189048, 'Baxter,Eleni', 199675, 'Carter,Kathy K', 171527, 'Gold,Silvana', 90008, 'Sullivan,Terry', '6-3,4-6,1-0', 'Home'), (44281623, 442816, 'doubles', 3, 34424, 'Fisher,Lynn', 179715, 'Robinson,Missy M', 165614, 'Eschenbach,Ana', 189187, 'Scott,Leyla', '6-1,6-7,1-0', 'Visitor'), (44420311, 444203, 'singles', 1, 147652, 'Danek,Katerina P', null, '', 191262, 'Yue,Lin', null, '', '6-7,6-4,1-0', 'Visitor'), (44420312, 444203, 'singles', 2, 201936, 'Miyajima,Aiko', null, '', 176144, 'Han,Gloria S', null, '', '6-2,6-4', 'Home'), (44420321, 444203, 'doubles', 1, 92542, 'Williams,Karen M', 193785, 'Gazen,Ellen', 176145, 'Anderson,Pam', 199905, 'Katsara,Evgenia', '4-6,6-2,1-0', 'Visitor'), (44420322, 444203, 'doubles', 2, 189187, 'Scott,Leyla', 177017, 'Michaels,Gretchen', 199712, 'Callahan,Joanne', 199983, 'jones,caroline', '6-4,6-4', 'Visitor'), (44420323, 444203, 'doubles', 3, 165614, 'Eschenbach,Ana', 196451, 'Green,Heather', 189048, 'Baxter,Eleni', 189252, 'Jones,Katie', '6-4,4-6,1-0', 'Home'), (44722111, 447221, 'singles', 1, 217543, 'Lam,Helen', null, '', 147652, 'Danek,Katerina P', null, '', '6-1,6-3', 'Home'), (44722112, 447221, 'singles', 2, 191262, 'Yue,Lin', null, '', 200212, 'Lunk,Cynthia', null, '', '6-4,6-4', 'Home'), (44722121, 447221, 'doubles', 1, 176145, 'Anderson,Pam', 199983, 'jones,caroline', 196451, 'Green,Heather', 189218, 'Mihanovic,Judy K', '6-0,6-1', 'Visitor'), (44722122, 447221, 'doubles', 2, 189048, 'Baxter,Eleni', 199712, 'Callahan,Joanne', 110588, 'Haig,Grace', 160352, 'Pamatmat,Annarose', '5-7,6-4,1-0', 'Visitor'), (44722123, 447221, 'doubles', 3, 176144, 'Han,Gloria S', 189252, 'Jones,Katie', 165614, 'Eschenbach,Ana', 171527, 'Gold,Silvana', '6-4,4-6,1-0', 'Visitor'), (45309111, 453091, 'singles', 1, 165431, 'Yip,Jenny Y', null, '', 191262, 'Yue,Lin', null, '', '4-6,6-1,1-0', 'Visitor'), (45309112, 453091, 'singles', 2, 189218, 'Mihanovic,Judy K', null, '', 199675, 'Carter,Kathy K', null, '', '6-4,6-3', 'Home'), (45309121, 453091, 'doubles', 1, 200212, 'Lunk,Cynthia', 110588, 'Haig,Grace', 176145, 'Anderson,Pam', 199905, 'Katsara,Evgenia', '6-0,6-0', 'Visitor'), (45309122, 453091, 'doubles', 2, 165614, 'Eschenbach,Ana', 196451, 'Green,Heather', 199712, 'Callahan,Joanne', 189252, 'Jones,Katie', '6-1,7-5', 'Home'), (45309123, 453091, 'doubles', 3, 171527, 'Gold,Silvana', 189187, 'Scott,Leyla', 176199, 'Blackburn,Deana', 192758, 'Segura,Teresa', '2-6,6-1,1-0', 'Home'), (44172111, 441721, 'singles', 1, 178316, 'Williams,Rochelle L', null, '', 146722, 'Nomura,Liz', null, '', '4-6,6-4,1-0', 'Visitor'), (44172112, 441721, 'singles', 2, 189188, 'Tejada,Jennifer G', null, '', 216147, 'Phan,Phuong', null, '', '6-3,7-5', 'Home'), (44172121, 441721, 'doubles', 1, 88352, 'Faulkner,Sunun', 138370, 'Foley,Meg', 97958, 'Balogh,Maureen M', 139404, 'Kollmann,Chardi', '6-2,5-7,1-0', 'Home'), (44172122, 441721, 'doubles', 2, 89197, 'Cushing,Cheryl J', 153761, 'Barmmer,Stephanie C', 101285, 'Foley,Stephanie P', 96814, 'Frazier,Denise', '7-5,6-2', 'Home'), (44172123, 441721, 'doubles', 3, 148485, 'Huchingson,Ann', 158930, 'Parr,Susie', 50031, 'Graham,Anne M', 127468, 'Price,Tami S', '6-0,6-0', 'Home'), (44309511, 443095, 'singles', 1, 216938, 'Kohlhaas,Krisztina', null, '', 178316, 'Williams,Rochelle L', null, '', '4-6,6-0,1-0', 'Visitor'), (44309512, 443095, 'singles', 2, 172272, 'Cooke,Michelle S', null, '', 189188, 'Tejada,Jennifer G', null, '', '3-6,6-3,1-0', 'Home'), (44309521, 443095, 'doubles', 1, 184698, 'Brodhead,Devon', 103705, 'Nudel Snavely,Sonja', 196777, 'Galizia,Stefanie', 151675, 'Geary,Lisa', '6-2,6-0', 'Visitor'), (44309522, 443095, 'doubles', 2, 144456, 'Reiser,Wendy', 139404, 'Kollmann,Chardi', 88352, 'Faulkner,Sunun', 39186, 'Schlansky,Loretta', '7-5,6-1', 'Visitor'), (44309523, 443095, 'doubles', 3, 97338, 'Lyon,Sue', 190889, 'LIgdis,Cathy', 153761, 'Barmmer,Stephanie C', 83149, 'Oyoung,Jennifer M', '7-6,6-3', 'Visitor'), (44502611, 445026, 'singles', 1, 96427, 'Zembsch,Kimberley', null, '', 216938, 'Kohlhaas,Krisztina', null, '', '6-1,6-4', 'Home'), (44502612, 445026, 'singles', 2, 38996, 'Sponsler,Lucy', null, '', 144456, 'Reiser,Wendy', null, '', '6-2,6-0', 'Home'), (44502621, 445026, 'doubles', 1, 88352, 'Faulkner,Sunun', 148485, 'Huchingson,Ann', 97958, 'Balogh,Maureen M', 97338, 'Lyon,Sue', '6-2,6-1', 'Home'), (44502622, 445026, 'doubles', 2, 176102, 'Revelos,Laura', 188762, 'Remick Kline,Brooke', 139404, 'Kollmann,Chardi', 101285, 'Foley,Stephanie P', '6-2,6-3', 'Home'), (44502623, 445026, 'doubles', 3, 34355, 'Mcgee,Ann Marie', 129500, 'Wahed,Kathi', 172272, 'Cooke,Michelle S', 127468, 'Price,Tami S', '6-0,6-1', 'Home'), (44639511, 446395, 'singles', 1, 216724, 'Ivankovich,Natalie', null, '', 188762, 'Remick Kline,Brooke', null, '', '4-6,6-1,1-0', 'Visitor'), (44639512, 446395, 'singles', 2, 112996, 'Reilly,Mary J', null, '', 154374, 'Keough,Katy', null, '', '3-6,7-5,1-0', 'Home'), (44639521, 446395, 'doubles', 1, 103705, 'Nudel Snavely,Sonja', 184698, 'Brodhead,Devon', 138370, 'Foley,Meg', 88352, 'Faulkner,Sunun', '6-2,6-2', 'Visitor'), (44639522, 446395, 'doubles', 2, 200287, 'izen,cathie i', 209441, 'Leivent,Barbara', 38996, 'Sponsler,Lucy', 176102, 'Revelos,Laura', '6-0,6-2', 'Visitor'), (44639523, 446395, 'doubles', 3, 207723, 'Belli,Cristine A', 50031, 'Graham,Anne M', 129500, 'Wahed,Kathi', 39186, 'Schlansky,Loretta', '7-5,6-1', 'Visitor');
INSERT INTO rosters (player_id, name, city, gender, rating, np_sw, expiration, won, lost, matches, defaults, win_percent, singles, doubles, team_id) VALUES (166849, 'Ballard, Shawna L', 'Saratoga', 'F', '3.5C', '', '4/30/2022', 0, 2, 2, 0, 0, 0, 2, 69823), (95963, 'Brossart, Laura A', 'Monte Sereno', 'F', '3.0C', '', '12/31/2017', 1, 0, 1, 0, 100, 0, 1, 69823), (161784, 'Brotzel, Amanda', 'Los Altos', 'F', '3.5C', '', '10/31/2018', 1, 2, 3, 0, 33, 0, 3, 69823), (159197, 'Courtney, Barbara B', 'San Jose', 'F', '3.5s', '', '9/30/2019', 5, 0, 5, 0, 100, 1, 4, 69823), (164126, 'Cunningham, Kirsten', 'San Jose', 'F', '3.0C', '', '1/31/2019', 1, 1, 2, 0, 50, 1, 1, 69823), (197202, 'De Los Reyes, Linda', 'Los Gatos', 'F', '3.0C', '', '7/31/2019', 0, 2, 2, 0, 0, 2, 0, 69823), (153051, 'Dhindsa, Ginni', 'Saratoga', 'F', '3.5C', 'N', '10/31/2019', 3, 2, 5, 0, 60, 3, 2, 69823), (114342, 'Dulin, Denise', 'Los Gatos', 'F', '3.0C', '', '3/31/2020', 1, 2, 3, 0, 33, 0, 3, 69823), (62855, 'Fennell, Elizabeth J', 'Los Gatos', 'F', '3.5C', '', '9/30/2017', 2, 1, 3, 0, 66, 0, 3, 69823), (180272, 'Freed, Kari H', 'Los Gatos', 'F', '3.5C', '', '5/31/2020', 3, 2, 5, 0, 60, 4, 1, 69823), (120500, 'Harvey, Gigi B', 'San Jose', 'F', '3.0C', '', '3/31/2022', 1, 2, 3, 0, 33, 0, 3, 69823), (89000, 'Hershey-Lin, Catharine D', 'Monte Sereno', 'F', '3.5C', '', '7/31/2019', 2, 1, 3, 0, 66, 0, 3, 69823), (134659, 'Johnson, Angela', 'Saratoga', 'F', '3.5C', '', '11/30/2020', 0, 1, 1, 0, 0, 0, 1, 69823), (148132, 'Kebebew, Nebabie', 'Los Gatos', 'F', '3.5C', '', '2/28/2018', 0, 1, 1, 0, 0, 1, 0, 69823), (209370, 'laskey, allison', 'Los Gatos', 'F', '3.5C', '', '3/31/2018', 1, 3, 4, 0, 25, 0, 4, 69823), (172169, 'Malani, Elisa P', 'Saratoga', 'F', '3.5C', '', '11/30/2017', 2, 2, 4, 0, 50, 0, 4, 69823), (67114, 'Mehra, Neeru', 'Saratoga', 'F', '3.5C', '', '12/31/2021', 0, 1, 1, 0, 0, 0, 1, 69823), (157973, 'O''Neill, Hang T', 'Monte Sereno', 'F', '3.5C', '', '1/31/2018', 0, 1, 1, 0, 0, 0, 1, 69823), (164025, 'Okunski, Beth', 'San Jose', 'F', '3.5C', '', '1/31/2018', 3, 0, 3, 0, 100, 0, 3, 69823), (139578, 'Ratcliff, Jerilynn', 'Los Gatos', 'F', '3.5s', '', '12/31/2018', 1, 1, 2, 0, 50, 0, 2, 69823), (165928, 'Shaw, Elizabeth', 'Los Gatos', 'F', '3.5C', 'N', '3/31/2020', 0, 2, 2, 0, 0, 0, 2, 69823), (139983, 'Silva, Denise R', 'Los Gatos', 'F', '3.0C', '', '8/31/2017', 2, 3, 5, 0, 40, 0, 5, 69823), (155360, 'Simpson, Lisa M', 'Los Gatos', 'F', '3.5A', '', '1/31/2019', 1, 3, 4, 0, 25, 0, 4, 69823), (144819, 'Slain, Cindy', 'Los Gatos', 'F', '3.5C', 'N', '9/30/2019', 0, 2, 3, 1, 0, 3, 0, 69823), (178444, 'Tesauro, Joan', 'San Jose', 'F', '3.5C', '', '3/31/2019', 2, 2, 4, 0, 50, 1, 3, 69823), (147428, 'Topper, May', 'Cupertino', 'F', '3.0C', '', '2/28/2019', 1, 1, 2, 0, 50, 0, 2, 69823), (160512, 'Zappula, Michele', 'San Jose', 'F', '3.5C', '', '7/31/2019', 2, 2, 4, 0, 50, 2, 2, 69823), (212522, 'Barbour, Kelly B', 'Danville', 'F', '3.5C', '', '7/31/2017', 4, 2, 6, 0, 66, 6, 0, 68959), (37414, 'Bruning, Irene E', 'San Ramon', 'F', '3.5C', '', '9/30/2020', 0, 4, 4, 0, 0, 0, 4, 68959), (74442, 'Bruning, Vanessa B', 'San Ramon', 'F', '3.5C', '', '9/30/2020', 4, 4, 8, 0, 50, 5, 3, 68959), (177227, 'Corr, Rae', 'Danville', 'F', '3.0C', '', '2/28/2019', 2, 2, 4, 0, 50, 0, 4, 68959), (73735, 'Hsieh, Lori L', 'Walnut Creek', 'F', '3.5C', '', '2/28/2021', 0, 2, 2, 0, 0, 0, 2, 68959), (177557, 'James, Jenna', 'Danville', 'F', '3.5s', '', '3/31/2017', 0, 3, 3, 0, 0, 0, 3, 68959), (147193, 'Kennedy, Kristine M', 'Danville', 'F', '3.5C', '', '1/31/2019', 1, 7, 8, 0, 12, 4, 4, 68959), (156454, 'Klembith, Andrea', 'Danville', 'F', '3.5C', '', '12/31/2017', 3, 5, 8, 0, 37, 0, 8, 68959), (208951, 'Krock, Kelley', 'Danville', 'F', '3.0C', '', '5/31/2021', 1, 6, 7, 0, 14, 0, 7, 68959), (215293, 'McDonald, Sue', 'Danville', 'F', '3.5C', '', '8/31/2017', 1, 5, 6, 0, 16, 0, 6, 68959), (130006, 'Miller, Paige A', 'Danville', 'F', '3.0C', '', '12/31/2018', 1, 2, 3, 0, 33, 0, 3, 68959), (90025, 'OLeary, Mary T', 'Danville', 'F', '3.5C', '', '6/30/2018', 2, 2, 4, 0, 50, 0, 4, 68959), (5726, 'Roof, Debbie L', 'Danville', 'F', '3.5C', '', '8/31/2020', 0, 3, 3, 0, 0, 0, 3, 68959), (55617, 'Slater, Rhonda', 'Danville', 'F', '3.5A', '', '3/31/2020', 1, 1, 2, 0, 50, 0, 2, 68959), (129440, 'Sprinkle, Leslie', 'Danville', 'F', '3.0C', '', '1/31/2019', 0, 4, 4, 0, 0, 2, 2, 68959), (206251, 'Tondreau, Pamela', 'Danville', 'F', '3.0C', '', '6/30/2019', 0, 1, 1, 0, 0, 1, 0, 68959), (3569, 'Whiting, Annette', 'Alamo', 'F', '3.5s', '', '5/31/2017', 0, 3, 3, 0, 0, 0, 3, 68959), (94271, 'Ang, Mina', 'Cupertino', 'F', '3.5C', '', '12/31/2099', 0, 2, 2, 0, 0, 0, 2, 69921), (116067, 'Arnesen, Erna', 'Cupertino', 'F', '3.5C', '', '11/30/2019', 4, 4, 8, 0, 50, 0, 8, 69921), (125137, 'Boyarshinova, Anna', 'San Jose', 'F', '3.5C', '', '12/31/2017', 2, 1, 3, 0, 66, 0, 3, 69921), (58809, 'Chang, Janet C', 'Los Gatos', 'F', '3.5C', '', '10/31/2018', 1, 1, 2, 0, 50, 0, 2, 69921), (82668, 'Crosta, Linda', 'Saratoga', 'F', '3.5C', '', '5/31/2021', 0, 3, 3, 0, 0, 0, 3, 69921), (125820, 'Delgado-Schliffke, Maria', 'San Jose', 'F', '3.5C', '', '8/31/2018', 0, 3, 3, 0, 0, 0, 3, 69921), (51552, 'Hanson, Susan G', 'Los Altos Hills', 'F', '3.5C', '', '2/28/2018', 0, 1, 1, 0, 0, 0, 1, 69921), (104348, 'Hollis, Susan A', 'Saratoga', 'F', '3.5C', '', '12/31/2017', 2, 1, 3, 0, 66, 0, 3, 69921), (147474, 'La, Le-Oanh T', 'San Jose', 'F', '3.5C', '', '12/31/2020', 2, 4, 6, 0, 33, 4, 2, 69921), (47272, 'Lok, Carolyn', 'Monte Sereno', 'F', '3.5C', '', '1/31/2017', 3, 4, 7, 0, 42, 0, 7, 69921), (114507, 'Low, Eva', 'Cupertino', 'F', '3.5C', '', '3/31/2018', 3, 1, 4, 0, 75, 0, 4, 69921), (147402, 'Michalek, Lubica', 'Cupertino', 'F', '3.5C', '', '3/31/2018', 2, 5, 7, 0, 28, 7, 0, 69921), (201936, 'Miyajima, Aiko', 'San Jose', 'F', '3.5C', '', '2/28/2018', 1, 0, 1, 0, 100, 1, 0, 69921), (199479, 'Nashimoto, Reiko', 'San Jose', 'F', '3.5C', '', '11/30/2017', 2, 2, 4, 0, 50, 0, 4, 69921), (27072, 'Petovsky, Michiko', 'Cupertino', 'F', '3.5C', '', '3/31/2018', 1, 4, 5, 0, 20, 0, 5, 69921), (15170, 'Rado, Dotti', 'Half Moon Bay', 'F', '3.5C', '', '1/31/2020', 2, 2, 4, 0, 50, 0, 4, 69921), (67903, 'Sharper, Sayuri K', 'Los Altos', 'F', '3.5C', '', '7/31/2021', 0, 6, 6, 0, 0, 6, 0, 69921), (79976, 'Wang, Ren D', 'Saratoga', 'F', '3.5C', '', '2/28/2022', 1, 1, 2, 0, 50, 0, 2, 69921), (56855, 'Wong, Kweiping', 'Sunnyvale', 'F', '3.5C', '', '4/30/2018', 1, 2, 3, 0, 33, 0, 3, 69921), (164036, 'Adams, Rebecca', 'Danville', 'F', '3.5C', '', '1/31/2020', 7, 1, 8, 0, 87, 0, 8, 70132), (62834, 'Becker, Joanne', 'Diablo', 'F', '3.5s', '', '2/28/2018', 1, 0, 1, 0, 100, 0, 1, 70132), (203668, 'Blechman, Tricia', 'Danville', 'F', '3.0C', '', '3/31/2018', 1, 1, 2, 0, 50, 1, 1, 70132), (143600, 'Briggs, Amy', 'Danville', 'F', '3.5C', '', '12/31/2017', 3, 1, 4, 0, 75, 3, 1, 70132), (165496, 'Butcher, Veronica', 'Diablo', 'F', '3.5C', '', '3/31/2021', 3, 1, 4, 0, 75, 1, 3, 70132), (21967, 'Cammisa, Vicky', 'Pleasanton', 'F', '3.5C', '', '5/31/2019', 1, 1, 2, 0, 50, 0, 2, 70132), (149077, 'Girzadas, Virginia H', 'Diablo', 'F', '3.5C', '', '4/30/2019', 1, 3, 4, 0, 25, 2, 2, 70132), (143982, 'Godvin, Marni', 'Diablo', 'F', '3.5C', '', '8/31/2017', 2, 2, 4, 0, 50, 0, 4, 70132), (195605, 'Green, Clarissa A', 'Alamo', 'F', '3.5C', '', '7/31/2022', 3, 1, 4, 0, 75, 2, 2, 70132), (201293, 'Hunt, Gretchen', 'Danville', 'F', '3.5C', '', '1/31/2020', 7, 0, 7, 0, 100, 0, 7, 70132), (147148, 'Ivanov, Bridget H', 'Alamo', 'F', '3.5C', '', '2/28/2018', 5, 1, 6, 0, 83, 0, 6, 70132), (202355, 'Maguire, Molly', 'Danville', 'F', '3.5C', '', '3/31/2018', 2, 5, 8, 1, 28, 7, 1, 70132), (113716, 'McQueen, Kelly M', 'Diablo', 'F', '3.5C', '', '4/30/2018', 4, 0, 4, 0, 100, 0, 4, 70132), (202702, 'Miks, Kirsten', 'Danville', 'F', '3.0C', '', '3/31/2018', 2, 0, 2, 0, 100, 0, 2, 70132), (154827, 'O''Keefe, Paula L', 'Alamo', 'F', '3.5C', '', '12/31/2017', 2, 1, 3, 0, 66, 0, 3, 70132), (130117, 'Perino, Carrie A', 'Diablo', 'F', '3.5C', '', '2/28/2018', 3, 1, 4, 0, 75, 0, 4, 70132), (130144, 'Prosser, Barbara', 'Diablo', 'F', '3.5C', '', '2/28/2018', 5, 2, 7, 0, 71, 0, 7, 70132), (195377, 'Reed, Chrissy', 'Alamo', 'F', '3.0C', '', '3/31/2018', 2, 0, 2, 0, 100, 0, 2, 70132), (131758, 'Salamida, Lori A', 'Danville', 'F', '3.5C', '', '4/30/2018', 7, 2, 9, 0, 77, 8, 1, 70132), (122226, 'Stedman, Michele', 'Diablo', 'F', '3.5C', '', '3/31/2018', 1, 1, 2, 0, 50, 0, 2, 70132), (189819, 'Stockslager, Joelle', 'Alamo', 'F', '3.5C', '', '3/31/2021', 5, 1, 6, 0, 83, 0, 6, 70132), (54538, 'Warneke, Kay E', 'Diablo', 'F', '3.5C', '', '4/30/2019', 2, 1, 3, 0, 66, 0, 3, 70132), (146944, 'Bybel, Alexis', 'Danville', 'F', '3.0C', '', '6/30/2018', 0, 2, 2, 0, 0, 1, 1, 70133), (185570, 'Callaway, Andrea', 'Alamo', 'F', '3.5C', '', '6/30/2020', 2, 0, 2, 0, 100, 2, 0, 70133), (167121, 'Cella, Maryann F', 'Diablo', 'F', '3.0C', '', '3/31/2018', 0, 1, 1, 0, 0, 0, 1, 70133), (97301, 'Clark, Gail', 'Danville', 'F', '3.0C', '', '7/31/2018', 0, 1, 1, 0, 0, 0, 1, 70133), (11600, 'Cotton, Cynthia', 'Alamo', 'F', '3.5s', '', '1/31/2018', 1, 2, 3, 0, 33, 0, 3, 70133), (189716, 'Daetz, Nancy M', 'Danville', 'F', '3.5C', '', '5/31/2019', 4, 4, 8, 0, 50, 0, 8, 70133), (226817, 'Denis, Jill', 'Diablo', 'F', '3.5s', '', '12/31/2018', 2, 1, 3, 0, 66, 0, 3, 70133), (157587, 'Dwyer, Kristin', 'Danville', 'F', '3.5C', '', '3/31/2018', 3, 2, 5, 0, 60, 0, 5, 70133), (179040, 'GALLAGHER, laura l', 'Diablo', 'F', '3.5C', '', '3/31/2023', 3, 2, 5, 0, 60, 0, 5, 70133), (185451, 'Graff, Rattana', 'Danville', 'F', '3.5C', '', '9/30/2020', 2, 0, 2, 0, 100, 0, 2, 70133), (165195, 'Gutierrez, Lidia', 'Danville', 'F', '3.5C', '', '6/30/2020', 5, 2, 7, 0, 71, 0, 7, 70133), (16991, 'Headen, Marilee', 'Diablo', 'F', '3.5C', '', '4/30/2021', 0, 3, 3, 0, 0, 0, 3, 70133), (165363, 'Johnson, Deanna', 'Alamo', 'F', '3.0C', '', '2/28/2018', 3, 4, 8, 1, 42, 5, 3, 70133), (120882, 'Martin, Karen D', 'Diablo', 'F', '3.5C', '', '4/30/2020', 2, 5, 8, 1, 28, 8, 0, 70133), (222587, 'McDonald, Sia', 'Diablo', 'F', '3.0s', '', '8/31/2019', 0, 1, 1, 0, 0, 0, 1, 70133), (185717, 'Nelson, Deana', 'Diablo', 'F', '3.5C', '', '9/30/2017', 3, 2, 6, 1, 60, 0, 6, 70133), (214079, 'Rich, Rochelle C', 'Diablo', 'F', '3.0C', '', '12/31/2017', 0, 1, 1, 0, 0, 0, 1, 70133), (165547, 'Walker, Kate', 'Diablo', 'F', '3.5C', '', '3/31/2018', 4, 3, 8, 1, 57, 1, 7, 70133), (177266, 'Walsh, Jennifer A', 'Alamo', 'F', '3.0C', '', '6/30/2018', 0, 1, 1, 0, 0, 0, 1, 70133), (199561, 'Buck, Colleen M', 'Granite Bay', 'F', '3.0C', '', '11/30/2019', 0, 5, 5, 0, 0, 1, 4, 70202), (200077, 'Faith, Alissa', 'Roseville', 'F', '3.0C', '', '12/31/2018', 0, 0, 0, 0, 0, 0, 0, 70202), (215415, 'Ferras, Gisele', 'Meadow Vista', 'F', '3.0C', '', '2/28/2018', 0, 4, 4, 0, 0, 0, 4, 70202), (227231, 'french, janna', 'Granite Bay', 'F', '3.5s', '', '12/31/2017', 0, 3, 3, 0, 0, 3, 0, 70202), (8826, 'Grady, Debbie J', 'Rocklin', 'F', '3.5C', '', '4/30/2022', 0, 4, 4, 0, 0, 0, 4, 70202), (128978, 'Kring, Lisa', 'Granite Bay', 'F', '3.5s', '', '1/31/2018', 0, 5, 5, 0, 0, 5, 0, 70202), (221999, 'Mason, Angie', 'Rocklin', 'F', '3.5C', '', '2/28/2022', 0, 3, 3, 0, 0, 1, 2, 70202), (24435, 'Miller, Linda R', 'Loomis', 'F', '3.5C', '', '8/31/2017', 0, 5, 5, 0, 0, 0, 5, 70202), (142080, 'Raney, Cidnie C', 'Sacramento', 'F', '3.0C', '', '6/30/2019', 0, 4, 4, 0, 0, 0, 4, 70202), (200631, 'Stevens, Judy', 'Granite Bay', 'F', '3.0C', '', '12/31/2019', 0, 5, 5, 0, 0, 0, 5, 70202), (208576, 'Tucker, Ami K', 'Granite Bay', 'F', '3.5C', '', '2/28/2018', 0, 2, 2, 0, 0, 0, 2, 70202), (222373, 'Willyard, Kathryn', 'Roseville', 'F', '3.0A', '', '8/31/2018', 0, 4, 4, 0, 0, 0, 4, 70202), (162027, 'Asher, Essie A', 'Los Gatos', 'F', '3.5C', '', '1/31/2020', 2, 2, 4, 0, 50, 0, 4, 69923), (135678, 'Bakke, Judy L', 'Los Gatos', 'F', '3.5A', '', '8/31/2017', 2, 0, 2, 0, 100, 0, 2, 69923), (128808, 'BLACK, SANDRA K', 'Saratoga', 'F', '3.5C', '', '12/31/2021', 3, 2, 5, 0, 60, 0, 5, 69923), (38855, 'Conley, Joan', 'Los Gatos', 'F', '3.5C', '', '2/28/2019', 1, 1, 2, 0, 50, 0, 2, 69923), (121003, 'Delsignore, Claire', 'San Jose', 'F', '3.5C', '', '2/28/2017', 1, 3, 4, 0, 25, 0, 4, 69923), (223262, 'Filby, Helen', 'Los Gatos', 'F', '3.5s', '', '9/30/2017', 3, 2, 5, 0, 60, 3, 2, 69923), (222555, 'Fitzpatrick, Christine V', 'Los Gatos', 'F', '3.5s', '', '8/31/2017', 0, 3, 3, 0, 0, 1, 2, 69923), (165037, 'Gallo, Mary', 'Saratoga', 'F', '3.5C', '', '2/28/2018', 6, 0, 6, 0, 100, 4, 2, 69923), (154269, 'Griscom, Elinor', 'Los Gatos', 'F', '3.5C', '', '11/30/2021', 0, 2, 2, 0, 0, 0, 2, 69923), (214466, 'Jensen, Karen', 'Los Gatos', 'F', '3.5C', '', '1/31/2018', 1, 1, 2, 0, 50, 0, 2, 69923), (183521, 'Kerr, Karen', 'Saratoga', 'F', '3.5C', '', '7/31/2017', 2, 2, 4, 0, 50, 1, 3, 69923), (121060, 'Kirkorian, Kim', 'Monte Sereno', 'F', '3.5A', '', '2/28/2021', 0, 2, 2, 0, 0, 0, 2, 69923), (145981, 'Latos, Nanette', 'Los Gatos', 'F', '3.5A', '', '1/31/2018', 2, 1, 3, 0, 66, 0, 3, 69923), (217293, 'Liddle, Jane C', 'Los Gatos', 'F', '3.5C', '', '3/31/2018', 7, 0, 7, 0, 100, 5, 2, 69923), (142212, 'MacLean, Marybeth', 'Los Gatos', 'F', '3.5C', '', '7/31/2019', 1, 2, 3, 0, 33, 1, 2, 69923), (146849, 'Panian, Karen', 'San Jose', 'F', '3.5C', '', '12/31/2017', 2, 1, 3, 0, 66, 0, 3, 69923), (205414, 'Potts, Amy L', 'Los Gatos', 'F', '3.5A', '', '5/31/2018', 1, 1, 2, 0, 50, 0, 2, 69923), (130656, 'Quintero, Diane E', 'Campbell', 'F', '3.5C', '', '1/31/2018', 5, 1, 7, 1, 83, 5, 2, 69923), (141301, 'Sells, Debra', 'Los Gatos', 'F', '3.5A', '', '6/30/2019', 0, 2, 2, 0, 0, 0, 2, 69923), (78833, 'Swing, Joanne M', 'Monte Sereno', 'F', '3.5C', '', '1/31/2018', 0, 4, 4, 0, 0, 0, 4, 69923), (192934, 'Tharp, Lori', 'San Jose', 'F', '3.5C', '', '8/31/2017', 2, 1, 3, 0, 66, 0, 3, 69923), (137981, 'Wade, Rebecca L', 'Monte Sereno', 'F', '3.5C', '', '8/31/2019', 1, 4, 5, 0, 20, 0, 5, 69923), (166731, 'Abbo, Alison', 'Woodside', 'F', '3.0C', '', '4/30/2019', 0, 1, 1, 0, 0, 0, 1, 70150), (129216, 'Allen, Jennifer', 'Menlo Park', 'F', '3.0C', '', '2/28/2018', 1, 2, 3, 0, 33, 0, 3, 70150), (137340, 'Bellack, Mary', 'Redwood City', 'F', '3.5C', '', '12/31/2019', 0, 3, 3, 0, 0, 0, 3, 70150), (164282, 'Burke, Kelly', 'Atherton', 'F', '3.5A', '', '4/30/2020', 4, 3, 7, 0, 57, 0, 7, 70150), (64280, 'Burns, Kathryn', 'Atherton', 'F', '3.5s', '', '3/31/2021', 0, 2, 2, 0, 0, 1, 1, 70150), (229487, 'Darke, Caitlin A', 'Menlo Park', 'F', '3.0s', '', '3/31/2021', 2, 4, 7, 1, 33, 6, 1, 70150), (10882, 'Donohoe-ciotek, Lani M', 'Menlo Park', 'F', '3.5C', '', '2/28/2019', 0, 3, 3, 0, 0, 0, 3, 70150), (165135, 'Gursky, Adele R', 'Menlo Park', 'F', '3.5C', '', '2/28/2018', 1, 2, 3, 0, 33, 1, 2, 70150), (50167, 'Juelsgaard, Vicki l', 'Woodside', 'F', '3.5s', '', '9/30/2017', 2, 2, 4, 0, 50, 0, 4, 70150), (42716, 'Karle, Brigit', 'Menlo Park', 'F', '3.5C', '', '1/31/2020', 0, 4, 4, 0, 0, 0, 4, 70150), (75243, 'Kubal, Patricia', 'Woodside', 'F', '3.5s', '', '8/31/2020', 1, 0, 1, 0, 100, 0, 1, 70150), (192581, 'Mcquillan, Deirdre', 'Portola Valley', 'F', '3.5C', '', '5/31/2018', 0, 2, 2, 0, 0, 0, 2, 70150), (212826, 'Meeks, Meredith', 'Atherton', 'F', '3.5s', '', '11/30/2019', 0, 2, 2, 0, 0, 2, 0, 70150), (57874, 'Murphy-Chutorian, Leslie', 'Palo Alto', 'F', '3.5C', '', '9/30/2017', 2, 4, 6, 0, 33, 0, 6, 70150), (129769, 'Narasin, Alexandra', 'Atherton', 'F', '3.5C', '', '2/28/2018', 2, 4, 6, 0, 33, 0, 6, 70150), (179677, 'O''Flanagan, Maisie K', 'Atherton', 'F', '3.5C', '', '4/30/2027', 3, 3, 6, 0, 50, 2, 4, 70150), (187359, 'Reed, Sharon L', 'Atherton', 'F', '3.5C', '', '10/31/2017', 1, 4, 5, 0, 20, 0, 5, 70150), (146890, 'Sinclair, Erin', 'Hillsborough', 'F', '3.5C', '', '2/28/2018', 0, 2, 2, 0, 0, 0, 2, 70150), (202693, 'Staley, Jocelynn', 'Menlo Park', 'F', '3.5C', '', '3/31/2020', 0, 2, 3, 1, 0, 3, 0, 70150), (83134, 'Sweeney, Lisa W', 'Menlo Park', 'F', '3.5C', '', '1/31/2018', 1, 0, 1, 0, 100, 1, 0, 70150), (47454, 'Whelan, Gail A', 'Atherton', 'F', '3.5C', '', '3/31/2020', 1, 2, 3, 0, 33, 3, 0, 70150), (130923, 'Wyatt, Gretchen H', 'Atherton', 'F', '3.0C', '', '3/31/2020', 2, 3, 5, 0, 40, 0, 5, 70150), (160512, 'Zappula, Michele', 'San Jose', 'F', '3.5C', '', '7/31/2019', 0, 1, 1, 0, 0, 1, 0, 70150), (147095, 'Brown, Kelley C', 'Morgan Hill', 'F', '3.5C', '', '2/28/2019', 1, 3, 4, 0, 25, 1, 3, 69551), (219119, 'Cazares, Aida', 'Morgan Hill', 'F', '3.5s', '', '2/28/2018', 0, 7, 8, 1, 0, 6, 2, 69551), (138961, 'Fox, Lise F', 'San Jose', 'F', '3.5C', '', '2/29/2020', 3, 4, 7, 0, 42, 1, 6, 69551), (169871, 'Freeman, Laura', 'Morgan Hill', 'F', '3.5C', '', '9/30/2017', 3, 2, 5, 0, 60, 1, 4, 69551), (214974, 'gillis, kate k', 'Morgan Hill', 'F', '3.5C', '', '1/31/2020', 6, 2, 8, 0, 75, 5, 3, 69551), (219278, 'Grunnet-Jepsen, Helene', 'San Jose', 'F', '3.5s', '', '6/30/2018', 3, 4, 8, 1, 42, 3, 5, 69551), (62620, 'Ha, Bianconi', 'Burlingame', 'F', '3.5C', '', '4/30/2018', 2, 2, 4, 0, 50, 2, 2, 69551), (148774, 'Krishnamurthy, Raji', 'Saratoga', 'F', '3.5C', '', '12/31/2018', 3, 3, 6, 0, 50, 0, 6, 69551), (137236, 'Loebs, Colleen', 'Gilroy', 'F', '3.5C', '', '10/31/2017', 4, 4, 8, 0, 50, 2, 6, 69551), (8750, 'Lumpkin, Melinda', 'Gilroy', 'F', '3.5C', '', '1/31/2018', 0, 4, 4, 0, 0, 0, 4, 69551), (122943, 'Maliksi, Rocelle R', 'Milpitas', 'F', '3.0C', '', '7/31/2018', 0, 1, 2, 1, 0, 0, 2, 69551), (105710, 'Motamedi, Cindy M', 'Fremont', 'F', '3.5C', '', '1/31/2020', 0, 2, 2, 0, 0, 0, 2, 69551), (133937, 'Pittenger, Stacie', 'San Jose', 'F', '3.5C', '', '6/30/2022', 3, 2, 5, 0, 60, 0, 5, 69551), (39017, 'Rincon, Geri', 'Morgan Hill', 'F', '3.0C', '', '2/28/2019', 0, 7, 8, 1, 0, 0, 8, 69551), (200977, 'Schilling, Julie', 'Morgan Hill', 'F', '3.5C', '', '2/28/2017', 1, 1, 3, 1, 50, 0, 3, 69551), (137752, 'Schmidlin, Linda J', 'Morgan Hill', 'F', '3.0C', '', '1/31/2018', 1, 3, 5, 1, 25, 0, 5, 69551), (155653, 'Althoff, Cathy W', 'Castro Valley', 'F', '3.0C', '', '1/31/2018', 2, 1, 3, 0, 66, 0, 3, 69287), (171112, 'Baldwin, Sheri A', 'Pleasanton', 'F', '3.5C', '', '8/31/2019', 1, 3, 4, 0, 25, 0, 4, 69287), (172402, 'Blom, Nancy', 'San Ramon', 'F', '3.5C', '', '5/31/2018', 4, 4, 8, 0, 50, 5, 3, 69287), (165948, 'Brooks, Barbara', 'Pleasanton', 'F', '3.0C', '', '3/31/2020', 1, 1, 2, 0, 50, 0, 2, 69287), (146379, 'Cason, Kate', 'Castro Valley', 'F', '3.5C', '', '1/31/2019', 2, 2, 4, 0, 50, 0, 4, 69287), (186929, 'Copenhagen, Shawn L', 'Pleasanton', 'F', '3.5C', '', '5/31/2022', 2, 5, 7, 0, 28, 2, 5, 69287), (176854, 'Cring, Nicole', 'Pleasanton', 'F', '3.5A', '', '2/28/2018', 2, 4, 6, 0, 33, 0, 6, 69287), (225980, 'Huang, Stacey', 'Pleasanton', 'F', '3.5s', '', '11/30/2019', 7, 2, 9, 0, 77, 0, 9, 69287), (226009, 'Koo, Shin H', 'Dublin', 'F', '3.5s', '', '11/30/2021', 8, 2, 10, 0, 80, 0, 10, 69287), (213172, 'McGregor-Crane, Izzie', 'Pleasanton', 'F', '3.5s', '', '12/31/2021', 4, 2, 8, 2, 66, 8, 0, 69287), (155608, 'Powers, Patricia M', 'Pleasanton', 'F', '3.0C', '', '1/31/2021', 0, 2, 2, 0, 0, 0, 2, 69287), (155323, 'Schulze, Jill B', 'Pleasanton', 'F', '3.0C', '', '1/31/2018', 1, 1, 2, 0, 50, 0, 2, 69287), (137402, 'Scott, Hazel J', 'Pleasanton', 'F', '3.0C', '', '8/31/2022', 2, 1, 3, 0, 66, 2, 1, 69287), (157901, 'Seuis, Maggie L', 'Castro Valley', 'F', '3.5s', '', '4/30/2018', 0, 3, 3, 0, 0, 3, 0, 69287), (184144, 'Soleta, Debbie P', 'Livermore', 'F', '3.5C', '', '8/31/2022', 4, 1, 5, 0, 80, 0, 5, 69287), (171756, 'St John, Debra', 'Parker', 'F', '3.0C', '', '9/30/2021', 0, 2, 2, 0, 0, 0, 2, 69287), (165350, 'Tran-carper, Tiffany', 'Pleasanton', 'F', '3.0C', '', '2/28/2022', 2, 1, 3, 0, 66, 1, 2, 69287), (146311, 'Warford, Kimberly', 'Pleasanton', 'F', '3.5C', '', '11/30/2017', 1, 5, 6, 0, 16, 0, 6, 69287), (155878, 'Alford, Arlie A', 'Pleasanton', 'F', '3.0C', '', '1/31/2018', 1, 1, 2, 0, 50, 0, 2, 69604), (142580, 'Barnes, Kimberley L', 'Pleasanton', 'F', '3.0C', '', '3/31/2018', 2, 3, 5, 0, 40, 2, 3, 69604), (78890, 'Buchberger, Shelley D', 'Livermore', 'F', '3.5C', '', '12/31/2019', 3, 4, 7, 0, 42, 0, 7, 69604), (117876, 'Deornellas, Lori A', 'Castro Valley', 'F', '3.5C', '', '8/31/2020', 0, 4, 4, 0, 0, 0, 4, 69604), (147397, 'Greene, Karen', 'Pleasanton', 'F', '3.5C', 'N', '8/31/2018', 3, 2, 5, 0, 60, 0, 5, 69604), (177008, 'Haase, Karen', 'Pleasanton', 'F', '3.0C', '', '3/31/2018', 2, 1, 3, 0, 66, 0, 3, 69604), (157504, 'Harkness, Christine', 'Pleasanton', 'F', '3.5C', '', '3/31/2021', 4, 4, 8, 0, 50, 0, 8, 69604), (202281, 'Hudak, Michelle', 'San Ramon', 'F', '3.0C', '', '8/31/2018', 0, 3, 3, 0, 0, 0, 3, 69604), (185467, 'Loetz, Heather', 'Danville', 'F', '3.5C', '', '9/30/2017', 2, 2, 4, 0, 50, 4, 0, 69604), (202132, 'Miller, Christine', 'Danville', 'F', '3.5C', '', '5/31/2018', 5, 1, 6, 0, 83, 0, 6, 69604), (201237, 'Nelson, Kareen L', 'Pleasanton', 'F', '3.0C', '', '1/31/2018', 3, 5, 8, 0, 37, 7, 1, 69604), (177686, 'Playford, Justine', 'Alamo', 'F', '3.5C', '', '10/31/2017', 5, 1, 7, 1, 83, 3, 4, 69604), (115503, 'Rognon, Allene', 'Alamo', 'F', '3.5C', '', '4/30/2020', 3, 1, 4, 0, 75, 0, 4, 69604), (124804, 'Stites, Sandra G', 'Pleasanton', 'F', '3.5C', '', '5/31/2019', 1, 1, 2, 0, 50, 1, 1, 69604), (12297, 'Sue, Gloria', 'San Leandro', 'F', '3.5C', '', '6/30/2021', 3, 3, 6, 0, 50, 0, 6, 69604), (160457, 'Theriault, Judy M', 'Danville', 'F', '3.5C', '', '7/31/2021', 4, 1, 5, 0, 80, 0, 5, 69604), (132751, 'Turner, Cindy', 'Walnut Creek', 'F', '3.0C', '', '12/31/2019', 2, 2, 4, 0, 50, 2, 2, 69604), (147570, 'Weiss, Robyn D', 'Danville', 'F', '3.5C', '', '3/31/2020', 2, 3, 5, 0, 40, 3, 2, 69604), (208471, 'Akina, Donna', 'Stanford', 'F', '3.5C', '', '12/31/2099', 3, 5, 8, 0, 37, 2, 6, 70110), (90590, 'Armstrong, Rita G', 'San Mateo', 'F', '3.0C', '', '4/30/2018', 0, 2, 2, 0, 0, 0, 2, 70110), (156063, 'Clifford, Amy', 'San Carlos', 'F', '3.5C', '', '2/28/2018', 2, 1, 3, 0, 66, 0, 3, 70110), (157384, 'Grant, Akosua', 'Belmont', 'F', '3.5C', '', '3/31/2017', 1, 4, 5, 0, 20, 4, 1, 70110), (165642, 'Lin- Murphy, Helen', 'Los Altos Hills', 'F', '3.5C', '', '3/31/2018', 2, 3, 5, 0, 40, 0, 5, 70110), (227153, 'Makris, Holly', 'Los Altos', 'F', '3.5s', '', '12/31/2021', 4, 1, 5, 0, 80, 5, 0, 70110), (131193, 'Malecek, Wendy W', 'Menlo Park', 'F', '3.0C', '', '3/31/2018', 2, 2, 4, 0, 50, 0, 4, 70110), (122943, 'Maliksi, Rocelle R', 'Milpitas', 'F', '3.0C', '', '7/31/2018', 1, 1, 2, 0, 50, 0, 2, 70110), (13848, 'Matsumoto, Fay', 'Mountain View', 'F', '3.5C', '', '7/31/2020', 0, 1, 1, 0, 0, 0, 1, 70110), (106446, 'McMahon, Mary Sheila', 'Portola Valley', 'F', '3.5C', '', '3/31/2018', 0, 2, 2, 0, 0, 0, 2, 70110), (63001, 'Mcwalter, Wendy E', 'Redwood City', 'F', '3.5C', '', '4/30/2022', 4, 1, 5, 0, 80, 0, 5, 70110), (209494, 'Padilla, Maria', 'Mountain View', 'F', '3.5s', '', '9/30/2018', 8, 1, 9, 0, 88, 8, 1, 70110), (129089, 'Royse, Patricia', 'Los Altos', 'F', '3.5C', '', '1/31/2018', 2, 3, 5, 0, 40, 1, 4, 70110), (76907, 'Satake Ryu, Julie A', 'Mountain View', 'F', '3.5C', '', '5/31/2020', 3, 2, 5, 0, 60, 0, 5, 70110), (40856, 'Shaffer, Lori A', 'Los Altos Hills', 'F', '3.5C', '', '4/30/2022', 0, 4, 4, 0, 0, 0, 4, 70110), (170099, 'Stangenes, Ina', 'Los Altos', 'F', '3.0C', '', '7/31/2021', 2, 2, 4, 0, 50, 0, 4, 70110), (103837, 'Stern, Vicki L', 'Palo Alto', 'F', '3.5C', '', '1/31/2018', 1, 3, 4, 0, 25, 0, 4, 70110), (219053, 'Yagyu, Junko', 'San Jose', 'F', '3.5s', '', '5/31/2017', 1, 2, 3, 0, 33, 0, 3, 70110), (96578, 'Zhang, Barbara', 'Stanford', 'F', '3.5C', '', '3/31/2019', 0, 4, 4, 0, 0, 0, 4, 70110), (154391, 'Austin, Lucia', 'Pleasanton', 'F', '3.0C', '', '12/31/2017', 0, 3, 3, 0, 0, 0, 3, 69778), (227524, 'Baer, Jill', 'Pleasanton', 'F', '3.5s', '', '12/31/2016', 0, 4, 4, 0, 0, 0, 4, 69778), (133887, 'Bell, Brier', 'Pleasanton', 'F', '3.5C', '', '6/30/2022', 2, 2, 4, 0, 50, 0, 4, 69778), (71115, 'Boswell, Elizabeth', 'Pleasanton', 'F', '3.5C', '', '9/30/2021', 1, 3, 4, 0, 25, 0, 4, 69778), (178120, 'Brace, Karen', 'Pleasanton', 'F', '3.0C', '', '3/31/2018', 0, 7, 7, 0, 0, 1, 6, 69778), (178128, 'Comerford, Carolyn', 'Pleasanton', 'F', '3.0A', '', '3/31/2019', 1, 3, 4, 0, 25, 2, 2, 69778), (177483, 'Dumanski, Joanne', 'Pleasanton', 'F', '3.0C', '', '3/31/2018', 7, 3, 10, 0, 70, 6, 4, 69778), (113552, 'Heggelund, Cheryl', 'Pleasanton', 'F', '3.5C', '', '2/28/2021', 0, 3, 3, 0, 0, 0, 3, 69778), (14984, 'Hill, Carole L', 'Pleasanton', 'F', '3.0C', '', '11/30/2018', 0, 3, 3, 0, 0, 0, 3, 69778), (177688, 'Kennedy, Julia C', 'Pleasanton', 'F', '3.0C', '', '3/31/2017', 0, 2, 2, 0, 0, 0, 2, 69778), (90154, 'Knuppe, Kathryn R', 'Pleasanton', 'F', '3.5C', '', '3/31/2020', 1, 3, 4, 0, 25, 1, 3, 69778), (120751, 'Paull, Diane', 'Pleasanton', 'F', '3.5C', '', '3/31/2022', 0, 6, 6, 0, 0, 1, 5, 69778), (105292, 'Sage, Suzanne', 'Pleasanton', 'F', '3.5C', '', '3/31/2018', 1, 2, 3, 0, 33, 3, 0, 69778), (208996, 'Salter, Diana M', 'Pleasanton', 'F', '3.0s', '', '8/31/2017', 0, 3, 3, 0, 0, 1, 2, 69778), (77154, 'Scarpelli, Janet L', 'Diablo', 'F', '3.0s', '', '1/31/2021', 0, 1, 1, 0, 0, 0, 1, 69778), (147422, 'Seo, Sara', 'Pleasanton', 'F', '3.5C', '', '12/31/2017', 2, 3, 5, 0, 40, 0, 5, 69778), (104009, 'Wente, Julie A', 'Livermore', 'F', '3.5C', '', '2/28/2017', 1, 1, 2, 0, 50, 0, 2, 69778), (148171, 'Wilson, Janice', 'Pleasanton', 'F', '3.0C', '', '3/31/2020', 6, 4, 10, 0, 60, 3, 7, 69778), (225551, 'blatt, rachel', 'Lafayette', 'F', '3.5s', '', '12/31/2019', 1, 4, 5, 0, 20, 3, 2, 69645), (79103, 'Bloch, Anita', 'Piedmont', 'F', '3.5C', '', '1/31/2021', 2, 2, 4, 0, 50, 3, 1, 69645), (39712, 'Boyder, Anne', 'Berkeley', 'F', '3.5C', '', '3/31/2018', 2, 3, 5, 0, 40, 5, 0, 69645), (105976, 'Bush, Mindy H', 'Lafayette', 'F', '3.5C', '', '12/31/2016', 2, 2, 4, 0, 50, 2, 2, 69645), (156828, 'Cate, Christie E', 'Lafayette', 'F', '3.5C', '', '10/31/2021', 4, 2, 6, 0, 66, 0, 6, 69645), (164575, 'Derobles, Mary', 'Orinda', 'F', '3.5C', '', '1/31/2018', 4, 3, 7, 0, 57, 1, 6, 69645), (114730, 'Engstrom, Lisa D', 'Orinda', 'F', '3.5C', '', '9/30/2018', 2, 2, 4, 0, 50, 0, 4, 69645), (2403, 'Formanek, Janet E', 'Orinda', 'F', '3.5C', '', '2/28/2018', 2, 2, 4, 0, 50, 0, 4, 69645), (142210, 'Garcia, Paula A', 'Orinda', 'F', '3.5C', '', '7/31/2018', 2, 1, 3, 0, 66, 1, 2, 69645), (141501, 'Higgins, Sierra', 'Lafayette', 'F', '3.5C', '', '9/30/2019', 1, 2, 3, 0, 33, 0, 3, 69645), (165775, 'Kornguth, Linda', 'Orinda', 'F', '3.5C', '', '12/31/2017', 2, 3, 5, 0, 40, 1, 4, 69645), (183832, 'Lovell, Allison G', 'Orinda', 'F', '3.5C', '', '8/31/2019', 1, 0, 1, 0, 100, 0, 1, 69645), (184175, 'Motto, Jacalene M', 'Orinda', 'F', '3.5s', '', '8/31/2019', 1, 3, 4, 0, 25, 0, 4, 69645), (63390, 'Rabe, Anne', 'Lafayette', 'F', '3.5C', '', '9/30/2018', 1, 3, 4, 0, 25, 0, 4, 69645), (42445, 'Robinson, Charlene L', 'Orinda', 'F', '3.5C', '', '12/31/2016', 1, 2, 3, 0, 33, 0, 3, 69645), (37704, 'Salmon, Mariani', 'Lafayette', 'F', '3.5C', '', '3/31/2019', 1, 3, 4, 0, 25, 0, 4, 69645), (168293, 'Wilson, Grace', 'Orinda', 'F', '3.5C', '', '6/30/2017', 2, 2, 4, 0, 50, 0, 4, 69645), (176145, 'Anderson, Pam', 'Sunnyvale', 'F', '3.5C', '', '1/31/2019', 4, 3, 7, 0, 57, 0, 7, 69462), (189048, 'Baxter, Eleni', 'Cupertino', 'F', '3.5C', '', '2/28/2018', 3, 4, 7, 0, 42, 2, 5, 69462), (176199, 'Blackburn, Deana', 'Los Altos', 'F', '3.0C', '', '3/31/2018', 1, 3, 4, 0, 25, 0, 4, 69462), (140902, 'Braade, Marlies C', 'Mountain View', 'F', '3.5C', '', '3/31/2021', 4, 0, 4, 0, 100, 0, 4, 69462), (199712, 'Callahan, Joanne', 'Sunnyvale', 'F', '3.5A', '', '11/30/2017', 3, 3, 6, 0, 50, 0, 6, 69462), (199675, 'Carter, Kathy K', 'Sunnyvale', 'F', '3.0C', '', '11/30/2017', 5, 2, 7, 0, 71, 1, 6, 69462), (203405, 'Cilia, Daniela', 'Los Altos', 'F', '3.0C', '', '3/31/2018', 3, 2, 5, 0, 60, 5, 0, 69462), (34424, 'Fisher, Lynn', 'Palo Alto', 'F', '3.0C', '', '12/31/2019', 1, 1, 2, 0, 50, 0, 2, 69462), (176144, 'Han, Gloria S', 'Sunnyvale', 'F', '3.5C', '', '5/31/2020', 4, 3, 7, 0, 57, 3, 4, 69462), (199983, 'jones, caroline', 'Sunnyvale', 'F', '3.5C', '', '12/31/2017', 4, 2, 6, 0, 66, 0, 6, 69462), (189252, 'Jones, Katie', 'Cupertino', 'F', '3.5C', '', '3/31/2020', 0, 6, 6, 0, 0, 0, 6, 69462), (199905, 'Katsara, Evgenia', 'Sunnyvale', 'F', '3.5C', '', '11/30/2017', 4, 1, 5, 0, 80, 0, 5, 69462), (164628, 'Kim, Bonnie', 'San Jose', 'F', '3.5C', '', '12/31/2017', 1, 2, 3, 0, 33, 0, 3, 69462), (217543, 'Lam, Helen', 'Saratoga', 'F', '3.5C', '', '12/31/2099', 3, 0, 3, 0, 100, 1, 2, 69462), (179715, 'Robinson, Missy M', 'Los Altos', 'F', '3.0C', '', '4/30/2018', 1, 3, 4, 0, 25, 0, 4, 69462), (192758, 'Segura, Teresa', 'Sunnyvale', 'F', '3.0C', '', '5/31/2019', 2, 3, 5, 0, 40, 3, 2, 69462), (191262, 'Yue, Lin', 'Cupertino', 'F', '3.5C', '', '3/31/2019', 5, 1, 6, 0, 83, 6, 0, 69462), (97958, 'Balogh, Maureen M', 'Alamo', 'F', '3.5C', '', '1/31/2018', 0, 3, 3, 0, 0, 0, 3, 69872), (207723, 'Belli, Cristine A', 'Walnut Creek', 'F', '3.0C', '', '7/31/2018', 0, 1, 1, 0, 0, 0, 1, 69872), (184698, 'Brodhead, Devon', 'Concord', 'F', '3.5C', '', '9/30/2020', 2, 2, 4, 0, 50, 1, 3, 69872), (172272, 'Cooke, Michelle S', 'Danville', 'F', '3.0C', '', '3/31/2019', 1, 2, 3, 0, 33, 1, 2, 69872), (101285, 'Foley, Stephanie P', 'Walnut Creek', 'F', '3.0C', '', '2/28/2018', 0, 4, 4, 0, 0, 0, 4, 69872), (96814, 'Frazier, Denise', 'Walnut Creek', 'F', '3.5C', '', '8/31/2017', 1, 2, 3, 0, 33, 0, 3, 69872), (50031, 'Graham, Anne M', 'Martinez', 'F', '3.5C', '', '3/31/2018', 1, 3, 4, 0, 25, 0, 4, 69872), (216724, 'Ivankovich, Natalie', 'Walnut Creek', 'F', '3.0s', '', '3/31/2018', 1, 1, 2, 0, 50, 2, 0, 69872), (200287, 'izen, cathie i', 'Walnut Creek', 'F', '3.0C', '', '5/31/2018', 0, 2, 2, 0, 0, 0, 2, 69872), (216938, 'Kohlhaas, Krisztina', 'Walnut Creek', 'F', '3.0C', '', '3/31/2021', 0, 2, 2, 0, 0, 2, 0, 69872), (139404, 'Kollmann, Chardi', 'Walnut Creek', 'F', '3.0C', '', '1/31/2022', 1, 3, 4, 0, 25, 0, 4, 69872), (209441, 'Leivent, Barbara', 'Walnut Creek', 'F', '3.5C', '', '9/30/2017', 0, 1, 1, 0, 0, 0, 1, 69872), (190889, 'LIgdis, Cathy', 'Walnut Creek', 'F', '3.5C', '', '3/31/2017', 1, 3, 4, 0, 25, 0, 4, 69872), (97338, 'Lyon, Sue', 'Walnut Creek', 'F', '3.5C', '', '5/31/2018', 1, 3, 4, 0, 25, 0, 4, 69872), (146722, 'Nomura, Liz', 'Walnut Creek', 'F', '3.5C', '', '1/31/2019', 2, 2, 4, 0, 50, 3, 1, 69872), (103705, 'Nudel Snavely, Sonja', 'Martinez', 'F', '3.5C', '', '1/31/2019', 0, 4, 4, 0, 0, 0, 4, 69872), (216147, 'Phan, Phuong', 'Walnut Creek', 'F', '3.0C', '', '3/31/2018', 0, 4, 4, 0, 0, 2, 2, 69872), (127468, 'Price, Tami S', 'Walnut Creek', 'F', '3.0C', '', '9/30/2021', 0, 4, 4, 0, 0, 0, 4, 69872), (112996, 'Reilly, Mary J', 'Lafayette', 'F', '3.0C', '', '2/29/2020', 3, 1, 4, 0, 75, 3, 1, 69872), (144456, 'Reiser, Wendy', 'Walnut Creek', 'F', '3.5C', '', '3/31/2018', 0, 2, 2, 0, 0, 1, 1, 69872);