INSERT INTO teams (id, league_id, season_id, org_id, facility_id, name, area, num_match_scheduled, num_match_played, matches_won, matches_lost) VALUES (72944, 1924, 201, 0, 195, 'BERKELEY TC 40AW5.0+A', 'East Bay', 9, 9, 6, 3), (72800, 1924, 201, 0, 323, 'CROW CANYON CC 40AW5.0+A', 'East Bay', 9, 9, 5, 4), (72970, 1924, 201, 0, 567, 'GOLD RIVER RC 40AW5.0+A [Outdoor/Indoor]', 'Sacramento', 6, 6, 5, 1), (73016, 1924, 201, 0, 315, 'HARBOR PT 40AW5.0+A', 'East Bay', 9, 9, 5, 4), (73042, 1924, 201, 0, 345, 'JOHNSON RANCH 40AW5.0+A', 'Sacramento', 6, 6, 1, 5), (73921, 1924, 201, 0, 277, 'OLYMPIC 40AW5.0+A [Ace Bandages]', 'East Bay', 9, 9, 2, 7);
INSERT INTO scorecards (id, home_team_id, visitor_team_id, date, league_id) VALUES (467475, 72944, 73016, '2017-03-19', 1924), (467478, 73921, 72944, '2017-01-14', 1924), (467479, 72800, 72944, '2017-03-12', 1924), (467481, 73016, 72944, '2017-01-29', 1924), (467483, 72944, 73921, '2017-02-05', 1924), (467486, 72944, 72800, '2017-02-12', 1924), (467487, 72944, 73016, '2017-04-02', 1924), (467490, 73921, 72944, '2017-03-26', 1924), (467491, 72800, 72944, '2017-04-09', 1924), (467476, 73921, 72800, '2017-03-11', 1924), (467477, 73016, 72800, '2017-01-15', 1924), (467482, 72800, 73921, '2017-01-29', 1924), (467484, 72800, 73016, '2017-02-05', 1924), (467488, 73921, 72800, '2017-02-18', 1924), (467489, 73016, 72800, '2017-02-26', 1924), (461095, 72970, 73042, '2017-03-18', 1924), (461097, 73042, 72970, '2017-01-14', 1924), (462033, 72970, 73042, '2017-03-05', 1924), (462034, 73042, 72970, '2017-01-28', 1924), (462971, 72970, 73042, '2017-02-04', 1924), (462972, 73042, 72970, '2017-02-11', 1924), (474544, 72970, 73042, '2017-04-01', 1924), (467480, 73016, 73921, '2017-03-12', 1924), (467485, 73921, 73016, '2017-02-11', 1924), (467492, 73016, 73921, '2017-04-09', 1924);
INSERT INTO matches (id, scorecard_id, match_type, line, h_1_player_id, h_1_player_name, h_2_player_id, h_2_player_name, v_1_player_id, v_1_player_name, v_2_player_id, v_2_player_name, winning_score, winner) VALUES (46747511, 467475, 'singles', 1, 77143, 'Cheng,Lisa M', null, '', 131144, 'Lobdell,Heather', null, '', '6-1,6-2', 'Home'), (46747521, 467475, 'doubles', 1, 96714, 'Jourdan,April', 82523, 'Smith,Erika', 48839, 'Graber,Mary R', 100670, 'Schiess,Janine', '6-4,5-7,1-0', 'Home'), (46747522, 467475, 'doubles', 2, 17799, 'Lackey,Kim', 33284, 'Ichikawa-Abel,Mai', 48839, 'Graber,Mary R', 100670, 'Schiess,Janine', '6-0,6-0', 'Home'), (46747811, 467478, 'singles', 1, 136449, 'Grimshaw,Leora D', null, '', 238569, 'Williams,Mary Beth', null, '', '5-7,6-0,1-0', 'Visitor'), (46747821, 467478, 'doubles', 1, 184234, 'Jackson,Kim L', 19025, 'Christin,Eileen', 82523, 'Smith,Erika', 238760, 'Parks,Lisa', '6-2,6-1', 'Visitor'), (46747822, 467478, 'doubles', 2, 40254, 'Yee,Alisa M', 68655, 'Mulready,Kelly A', 17799, 'Lackey,Kim', 33284, 'Ichikawa-Abel,Mai', '6-0,6-4', 'Visitor'), (46747911, 467479, 'singles', 1, 77480, 'Vidal,Alison L', null, '', 1382, 'Abel,Cynthia A', null, '', '2-6,6-4,1-0', 'Visitor'), (46747921, 467479, 'doubles', 1, 26716, 'Happel,Gail A', 113929, 'Seibel,Micki', 96714, 'Jourdan,April', 77143, 'Cheng,Lisa M', '7-5,6-3', 'Visitor'), (46747922, 467479, 'doubles', 2, 131656, 'Voss,Melanie', 38363, 'Maral,Lisa', 82523, 'Smith,Erika', 238569, 'Williams,Mary Beth', '6-4,6-2', 'Visitor'), (46748111, 467481, 'singles', 1, 105100, 'Stovell,Wendy S', null, '', 127537, 'Wei,Kathy', null, '', '6-2', 'Visitor'), (46748121, 467481, 'doubles', 1, 100670, 'Schiess,Janine', 130609, 'Miller,Becky', 96714, 'Jourdan,April', 82523, 'Smith,Erika', '6-2,6-3', 'Visitor'), (46748122, 467481, 'doubles', 2, 3972, 'Costamagna,Christine', 234559, 'Mazzola,Christina K', 96714, 'Jourdan,April', 82523, 'Smith,Erika', '6-0,6-0', 'Home'), (46748311, 467483, 'singles', 1, 127537, 'Wei,Kathy', null, '', 136449, 'Grimshaw,Leora D', null, '', '6-4,7-5', 'Visitor'), (46748321, 467483, 'doubles', 1, 82523, 'Smith,Erika', 115003, 'Rose,Leslie', 207764, 'Hendy,Angela L', 67607, 'Ahlstrom,Michelle', '6-2,1-0', 'Home'), (46748322, 467483, 'doubles', 2, 96714, 'Jourdan,April', 238569, 'Williams,Mary Beth', 40254, 'Yee,Alisa M', 19025, 'Christin,Eileen', '6-0,6-0', 'Home'), (46748611, 467486, 'singles', 1, 238569, 'Williams,Mary Beth', null, '', 106459, 'Cole,Kathrine', null, '', '6-2,6-1', 'Home'), (46748621, 467486, 'doubles', 1, 115003, 'Rose,Leslie', 82523, 'Smith,Erika', 26716, 'Happel,Gail A', 27181, 'Powell,Bryn D', '1-6,6-3,1-0', 'Visitor'), (46748622, 467486, 'doubles', 2, 57548, 'Silveira,Julie D', 77143, 'Cheng,Lisa M', 148384, 'Gersten,Debbie', 131656, 'Voss,Melanie', '6-4,6-3', 'Home'), (46748711, 467487, 'singles', 1, 115003, 'Rose,Leslie', null, '', 138320, 'Gamble,Fanny Y', null, '', '6-0,5-7,1-0', 'Visitor'), (46748721, 467487, 'doubles', 1, 82523, 'Smith,Erika', 238569, 'Williams,Mary Beth', 48839, 'Graber,Mary R', 61893, 'Smyth,Kathleen', '2-6,6-3,1-0', 'Visitor'), (46748722, 467487, 'doubles', 2, 57548, 'Silveira,Julie D', 33284, 'Ichikawa-Abel,Mai', 162640, 'Magnusson,Mindy', 88665, 'Busby,Kelley J', '7-5,7-5', 'Home'), (46749011, 467490, 'singles', 1, 68655, 'Mulready,Kelly A', null, '', 57548, 'Silveira,Julie D', null, '', '4-6,6-1,1-0', 'Home'), (46749021, 467490, 'doubles', 1, 136449, 'Grimshaw,Leora D', 184234, 'Jackson,Kim L', 77143, 'Cheng,Lisa M', 82523, 'Smith,Erika', '6-0,6-0', 'Visitor'), (46749022, 467490, 'doubles', 2, 3307, 'DiCarlo,Erin M', 67607, 'Ahlstrom,Michelle', 77143, 'Cheng,Lisa M', 82523, 'Smith,Erika', '6-0,6-0', 'Home'), (46749111, 467491, 'singles', 1, 27181, 'Powell,Bryn D', null, '', 1382, 'Abel,Cynthia A', null, '', '6-0,2-6,1-0', 'Home'), (46749121, 467491, 'doubles', 1, 26716, 'Happel,Gail A', 116787, 'Serpa,Christina', 17799, 'Lackey,Kim', 57548, 'Silveira,Julie D', '6-2,6-1', 'Home'), (46749122, 467491, 'doubles', 2, 46013, 'Fong,Tiffany L', 46346, 'Lee Molotky,Trina', 238760, 'Parks,Lisa', 82523, 'Smith,Erika', '6-3,6-4', 'Home'), (46747611, 467476, 'singles', 1, 68655, 'Mulready,Kelly A', null, '', 128983, 'Buscaglia,Amy T', null, '', '6-0,6-1', 'Home'), (46747621, 467476, 'doubles', 1, 40254, 'Yee,Alisa M', 207764, 'Hendy,Angela L', 26716, 'Happel,Gail A', 113929, 'Seibel,Micki', '1-6,7-5,1-0', 'Visitor'), (46747622, 467476, 'doubles', 2, 138808, 'Mack,Karen', 136449, 'Grimshaw,Leora D', 155001, 'Mastrangelo,Erin E', 131656, 'Voss,Melanie', '6-4,7-5', 'Visitor'), (46747711, 467477, 'singles', 1, 105100, 'Stovell,Wendy S', null, '', 116787, 'Serpa,Christina', null, '', '6-3,6-1', 'Visitor'), (46747721, 467477, 'doubles', 1, 53671, 'Lehmkuhl,Kristen A', 130609, 'Miller,Becky', 26716, 'Happel,Gail A', 27181, 'Powell,Bryn D', '3-6,6-4,1-0', 'Home'), (46747722, 467477, 'doubles', 2, 61893, 'Smyth,Kathleen', 5422, 'Roland,Linda Y', 131656, 'Voss,Melanie', 113929, 'Seibel,Micki', '1-6,6-4,1-0', 'Visitor'), (46748211, 467482, 'singles', 1, 116787, 'Serpa,Christina', null, '', 68655, 'Mulready,Kelly A', null, '', '6-3,6-2', 'Visitor'), (46748221, 467482, 'doubles', 1, 46013, 'Fong,Tiffany L', 46346, 'Lee Molotky,Trina', 207764, 'Hendy,Angela L', 3307, 'DiCarlo,Erin M', '6-1,7-5', 'Visitor'), (46748222, 467482, 'doubles', 2, 148384, 'Gersten,Debbie', 38363, 'Maral,Lisa', 138808, 'Mack,Karen', 50261, 'Larsen,Bonnie J', '6-3,6-2', 'Home'), (46748411, 467484, 'singles', 1, 131656, 'Voss,Melanie', null, '', 138320, 'Gamble,Fanny Y', null, '', '6-1,6-2', 'Visitor'), (46748421, 467484, 'doubles', 1, 27181, 'Powell,Bryn D', 116787, 'Serpa,Christina', 162640, 'Magnusson,Mindy', 100670, 'Schiess,Janine', '6-3,2-6,1-0', 'Home'), (46748422, 467484, 'doubles', 2, 46013, 'Fong,Tiffany L', 38363, 'Maral,Lisa', 42279, 'Goldman,Georgina', 61893, 'Smyth,Kathleen', '7-5,6-3', 'Visitor'), (46748811, 467488, 'singles', 1, 40254, 'Yee,Alisa M', null, '', 131656, 'Voss,Melanie', null, '', '6-0,6-2', 'Home'), (46748821, 467488, 'doubles', 1, 19025, 'Christin,Eileen', 50261, 'Larsen,Bonnie J', 26716, 'Happel,Gail A', 113929, 'Seibel,Micki', '6-1,6-0', 'Visitor'), (46748822, 467488, 'doubles', 2, 136449, 'Grimshaw,Leora D', 181394, 'Holm,Jacqueline', 106459, 'Cole,Kathrine', 38363, 'Maral,Lisa', '6-2,6-1', 'Visitor'), (46748911, 467489, 'singles', 1, 147546, 'Yates,Annie', null, '', 106459, 'Cole,Kathrine', null, '', '6-0,6-0', 'Home'), (46748921, 467489, 'doubles', 1, 48839, 'Graber,Mary R', 3972, 'Costamagna,Christine', 38363, 'Maral,Lisa', 27181, 'Powell,Bryn D', '6-2,6-1', 'Visitor'), (46748922, 467489, 'doubles', 2, 42279, 'Goldman,Georgina', 88665, 'Busby,Kelley J', 148384, 'Gersten,Debbie', 142294, 'Overs Bates,Julia', '6-2,3-6,1-0', 'Visitor'), (46109511, 461095, 'singles', 1, 46779, 'Downing,Martha', null, '', 46346, 'Lee Molotky,Trina', null, '', '7-6,6-2', 'Home'), (46109521, 461095, 'doubles', 1, 207094, 'Morehead,Janis', 17278, 'Kolpitcke,Kirstin E', 79978, 'Benvenuti,Camille J', 7341, 'Mills,Keri A', '6-1,6-2', 'Visitor'), (46109522, 461095, 'doubles', 2, 146405, 'Smith,Laurie', 70403, 'Jones,Holly', 79978, 'Benvenuti,Camille J', 7341, 'Mills,Keri A', '6-0,6-0', 'Home'), (46109711, 461097, 'singles', 1, 79978, 'Benvenuti,Camille J', null, '', 46779, 'Downing,Martha', null, '', '6-1,6-2', 'Visitor'), (46109721, 461097, 'doubles', 1, 89783, 'Cole,Melissa', 6612, 'Rowland,Julie A', 102095, 'Chapple,Michelle', 70403, 'Jones,Holly', '6-1,6-0', 'Visitor'), (46109722, 461097, 'doubles', 2, 90487, 'Cowan,Heather', 95635, 'Gluskin,Heidi N', 17278, 'Kolpitcke,Kirstin E', 207094, 'Morehead,Janis', '6-2,4-6,1-0', 'Home'), (46203311, 462033, 'singles', 1, 161117, 'Maciel,Suzie', null, '', 95635, 'Gluskin,Heidi N', null, '', '6-3,3-6,1-0', 'Visitor'), (46203321, 462033, 'doubles', 1, 46779, 'Downing,Martha', 17278, 'Kolpitcke,Kirstin E', 90487, 'Cowan,Heather', 6612, 'Rowland,Julie A', '6-4,6-2', 'Visitor'), (46203322, 462033, 'doubles', 2, 70403, 'Jones,Holly', 146405, 'Smith,Laurie', 79978, 'Benvenuti,Camille J', 7341, 'Mills,Keri A', '6-3,6-3', 'Home'), (46203411, 462034, 'singles', 1, 50304, 'Burns,Karen L', null, '', 46779, 'Downing,Martha', null, '', '7-6,6-1', 'Visitor'), (46203421, 462034, 'doubles', 1, 90487, 'Cowan,Heather', 7341, 'Mills,Keri A', 17278, 'Kolpitcke,Kirstin E', 146405, 'Smith,Laurie', '6-3,6-2', 'Home'), (46203422, 462034, 'doubles', 2, 79978, 'Benvenuti,Camille J', 71080, 'Griggs,Stacey T', 102095, 'Chapple,Michelle', 70403, 'Jones,Holly', '6-2,6-4', 'Visitor'), (46297111, 462971, 'singles', 1, 161117, 'Maciel,Suzie', null, '', 50304, 'Burns,Karen L', null, '', '4-6,7-6,1-0', 'Visitor'), (46297121, 462971, 'doubles', 1, 207094, 'Morehead,Janis', 46779, 'Downing,Martha', 79978, 'Benvenuti,Camille J', 71080, 'Griggs,Stacey T', '7-6,6-2', 'Home'), (46297122, 462971, 'doubles', 2, 146405, 'Smith,Laurie', 70403, 'Jones,Holly', 89783, 'Cole,Melissa', 90487, 'Cowan,Heather', '6-4,6-1', 'Home'), (46297211, 462972, 'singles', 1, 146405, 'Smith,Laurie', null, '', 161117, 'Maciel,Suzie', null, '', '6-0,6-0', 'Visitor'), (46297221, 462972, 'doubles', 1, 6612, 'Rowland,Julie A', 90487, 'Cowan,Heather', 146405, 'Smith,Laurie', 17278, 'Kolpitcke,Kirstin E', '7-6,7-5', 'Home'), (46297222, 462972, 'doubles', 2, 46346, 'Lee Molotky,Trina', 79978, 'Benvenuti,Camille J', 102095, 'Chapple,Michelle', 70403, 'Jones,Holly', '6-1,6-2', 'Visitor'), (47454411, 474544, 'singles', 1, 161117, 'Maciel,Suzie', null, '', 50304, 'Burns,Karen L', null, '', '6-4,6-3', 'Home'), (47454421, 474544, 'doubles', 1, 102095, 'Chapple,Michelle', 70403, 'Jones,Holly', 46346, 'Lee Molotky,Trina', 7341, 'Mills,Keri A', '6-2,6-1', 'Home'), (47454422, 474544, 'doubles', 2, 46779, 'Downing,Martha', 146405, 'Smith,Laurie', 79978, 'Benvenuti,Camille J', 71080, 'Griggs,Stacey T', '6-3,6-2', 'Home'), (46748011, 467480, 'singles', 1, 138320, 'Gamble,Fanny Y', null, '', 68655, 'Mulready,Kelly A', null, '', '6-1,6-2', 'Home'), (46748021, 467480, 'doubles', 1, 88665, 'Busby,Kelley J', 162640, 'Magnusson,Mindy', 136449, 'Grimshaw,Leora D', 40254, 'Yee,Alisa M', '6-1,6-0', 'Home'), (46748022, 467480, 'doubles', 2, 61893, 'Smyth,Kathleen', 5422, 'Roland,Linda Y', 184234, 'Jackson,Kim L', 61361, 'Hartwell,Jenifer', '6-0,6-2', 'Home'), (46748511, 467485, 'singles', 1, 40254, 'Yee,Alisa M', null, '', 138320, 'Gamble,Fanny Y', null, '', '6-3,6-2', 'Visitor'), (46748521, 467485, 'doubles', 1, 136449, 'Grimshaw,Leora D', 68655, 'Mulready,Kelly A', 53671, 'Lehmkuhl,Kristen A', 130609, 'Miller,Becky', '6-3,6-3', 'Home'), (46748522, 467485, 'doubles', 2, 138808, 'Mack,Karen', 181394, 'Holm,Jacqueline', 131144, 'Lobdell,Heather', 61893, 'Smyth,Kathleen', '6-3,6-1', 'Visitor'), (46749211, 467492, 'singles', 1, 138320, 'Gamble,Fanny Y', null, '', 136449, 'Grimshaw,Leora D', null, '', '7-5,6-0', 'Home'), (46749221, 467492, 'doubles', 1, 100670, 'Schiess,Janine', 130609, 'Miller,Becky', 61361, 'Hartwell,Jenifer', 184234, 'Jackson,Kim L', '6-1,6-1', 'Home'), (46749222, 467492, 'doubles', 2, 3972, 'Costamagna,Christine', 61893, 'Smyth,Kathleen', 61361, 'Hartwell,Jenifer', 184234, 'Jackson,Kim L', '6-0,6-0', 'Home');